                      :-) GROMACS - gmx mdrun, 2024.2 (-:

Copyright 1991-2024 The GROMACS Authors.
GROMACS is free software; you can redistribute it and/or modify it
under the terms of the GNU Lesser General Public License
as published by the Free Software Foundation; either version 2.1
of the License, or (at your option) any later version.

                         Current GROMACS contributors:
       Mark Abraham           Andrey Alekseenko           Vladimir Basov      
      Cathrine Bergh            Eliane Briand               Ania Brown        
      Mahesh Doijade            Giacomo Fiorin          Stefan Fleischmann    
      Sergey Gorelov         Gilles Gouaillardet            Alan Gray         
     M. Eric Irrgang         Farzaneh Jalalypour            Joe Jordan        
     Carsten Kutzner           Justin A. Lemkul          Magnus Lundborg      
       Pascal Merz              Vedran Miletic            Dmitry Morozov      
       Julien Nabet              Szilard Pall        Andrea Pasquadibisceglie 
    Michele Pellegrino          Hubert Santuz             Roland Schulz       
     Tatiana Shugaeva          Alexey Shvetsov            Philip Turner       
     Alessandra Villa      Sebastian Wingbermuehle  

                         Previous GROMACS contributors:
        Emile Apol             Rossen Apostolov           James Barnett       
        Paul Bauer          Herman J.C. Berendsen          Par Bjelkmar       
      Christian Blau          Viacheslav Bolnykh            Kevin Boyd        
    Aldert van Buuren          Carlo Camilloni           Rudi van Drunen      
      Anton Feenstra           Oliver Fleetwood            Vytas Gapsys       
       Gaurav Garg             Gerrit Groenhof            Bert de Groot       
      Anca Hamuraru           Vincent Hindriksen          Victor Holanda      
     Aleksei Iupinov          Christoph Junghans        Prashanth Kanduri     
   Dimitrios Karkoulis           Peter Kasson             Sebastian Kehl      
     Sebastian Keller             Jiri Kraus               Per Larsson        
      Viveca Lindahl            Erik Marklund           Pieter Meulenhoff     
      Teemu Murtola              Sander Pronk             Michael Shirts      
      Alfons Sijbers            Balint Soproni         David van der Spoel    
      Peter Tieleman            Carsten Uphoff             Jon Vincent        
     Teemu Virolainen         Christian Wennberg           Maarten Wolf       
      Artem Zhmurov       

                  Coordinated by the GROMACS project leaders:
                           Berk Hess and Erik Lindahl

GROMACS:      gmx mdrun, version 2024.2
Executable:   /usr/local/gromacs/bin/gmx
Data prefix:  /usr/local/gromacs
Working dir:  /home/austinl/repos/gromacs/proj-1
Process ID:   6433
Command line:
  gmx mdrun -deffnm npt

GROMACS version:     2024.2
Precision:           mixed
Memory model:        64 bit
MPI library:         thread_mpi
OpenMP support:      enabled (GMX_OPENMP_MAX_THREADS = 128)
GPU support:         disabled
SIMD instructions:   AVX2_128
CPU FFT library:     fftw-3.3.8-sse2-avx-avx2-avx2_128
GPU FFT library:     none
Multi-GPU FFT:       none
RDTSCP usage:        enabled
TNG support:         enabled
Hwloc support:       disabled
Tracing support:     disabled
C compiler:          /usr/bin/cc GNU 11.4.0
C compiler flags:    -fexcess-precision=fast -funroll-all-loops -mavx2 -mfma -Wno-missing-field-initializers -O3 -DNDEBUG
C++ compiler:        /usr/bin/c++ GNU 11.4.0
C++ compiler flags:  -fexcess-precision=fast -funroll-all-loops -mavx2 -mfma -Wno-missing-field-initializers -Wno-cast-function-type-strict SHELL:-fopenmp -O3 -DNDEBUG
BLAS library:        Internal
LAPACK library:      Internal


Running on 1 node with total 8 cores, 16 processing units
Hardware detected on host DESKTOP-RCELDJA:
  CPU info:
    Vendor: AMD
    Brand:  AMD Ryzen 7 1700 Eight-Core Processor          
    Family: 23   Model: 1   Stepping: 1
    Features: aes amd apic avx avx2 clfsh cmov cx8 cx16 f16c fma htt lahf misalignsse mmx msr nonstop_tsc pclmuldq pdpe1gb popcnt pse rdrnd rdtscp sha sse2 sse3 sse4a sse4.1 sse4.2 ssse3
  Hardware topology: Basic
    Packages, cores, and logical processors:
    [indices refer to OS logical processors]
      Package  0: [   0   1] [   2   3] [   4   5] [   6   7] [   8   9] [  10  11] [  12  13] [  14  15]
    CPU limit set by OS: -1   Recommended max number of threads: 16


++++ PLEASE READ AND CITE THE FOLLOWING REFERENCE ++++
M. J. Abraham, T. Murtola, R. Schulz, S. Páll, J. C. Smith, B. Hess, E.
Lindahl
GROMACS: High performance molecular simulations through multi-level
parallelism from laptops to supercomputers
SoftwareX 1 (2015) pp. 19-25
-------- -------- --- Thank You --- -------- --------


++++ PLEASE READ AND CITE THE FOLLOWING REFERENCE ++++
S. Páll, M. J. Abraham, C. Kutzner, B. Hess, E. Lindahl
Tackling Exascale Software Challenges in Molecular Dynamics Simulations with
GROMACS
In S. Markidis & E. Laure (Eds.), Solving Software Challenges for Exascale 8759 (2015) pp. 3-27
-------- -------- --- Thank You --- -------- --------


++++ PLEASE READ AND CITE THE FOLLOWING REFERENCE ++++
S. Pronk, S. Páll, R. Schulz, P. Larsson, P. Bjelkmar, R. Apostolov, M. R.
Shirts, J. C. Smith, P. M. Kasson, D. van der Spoel, B. Hess, and E. Lindahl
GROMACS 4.5: a high-throughput and highly parallel open source molecular
simulation toolkit
Bioinformatics 29 (2013) pp. 845-54
-------- -------- --- Thank You --- -------- --------


++++ PLEASE READ AND CITE THE FOLLOWING REFERENCE ++++
B. Hess and C. Kutzner and D. van der Spoel and E. Lindahl
GROMACS 4: Algorithms for highly efficient, load-balanced, and scalable
molecular simulation
J. Chem. Theory Comput. 4 (2008) pp. 435-447
-------- -------- --- Thank You --- -------- --------


++++ PLEASE READ AND CITE THE FOLLOWING REFERENCE ++++
D. van der Spoel, E. Lindahl, B. Hess, G. Groenhof, A. E. Mark and H. J. C.
Berendsen
GROMACS: Fast, Flexible and Free
J. Comp. Chem. 26 (2005) pp. 1701-1719
-------- -------- --- Thank You --- -------- --------


++++ PLEASE READ AND CITE THE FOLLOWING REFERENCE ++++
E. Lindahl and B. Hess and D. van der Spoel
GROMACS 3.0: A package for molecular simulation and trajectory analysis
J. Mol. Mod. 7 (2001) pp. 306-317
-------- -------- --- Thank You --- -------- --------


++++ PLEASE READ AND CITE THE FOLLOWING REFERENCE ++++
H. J. C. Berendsen, D. van der Spoel and R. van Drunen
GROMACS: A message-passing parallel molecular dynamics implementation
Comp. Phys. Comm. 91 (1995) pp. 43-56
-------- -------- --- Thank You --- -------- --------


++++ PLEASE CITE THE DOI FOR THIS VERSION OF GROMACS ++++
https://doi.org/10.5281/zenodo.11148655
-------- -------- --- Thank You --- -------- --------

Input Parameters:
   integrator                     = md
   tinit                          = 0
   dt                             = 0.002
   nsteps                         = 50000
   init-step                      = 0
   simulation-part                = 1
   mts                            = false
   mass-repartition-factor        = 1
   comm-mode                      = Linear
   nstcomm                        = 100
   bd-fric                        = 0
   ld-seed                        = -235148354
   emtol                          = 10
   emstep                         = 0.01
   niter                          = 20
   fcstep                         = 0
   nstcgsteep                     = 1000
   nbfgscorr                      = 10
   rtpi                           = 0.05
   nstxout                        = 1000
   nstvout                        = 1000
   nstfout                        = 0
   nstlog                         = 100
   nstcalcenergy                  = 100
   nstenergy                      = 100
   nstxout-compressed             = 1000
   compressed-x-precision         = 1000
   cutoff-scheme                  = Verlet
   nstlist                        = 10
   pbc                            = xyz
   periodic-molecules             = false
   verlet-buffer-tolerance        = 0.005
   verlet-buffer-pressure-tolerance = 0.5
   rlist                          = 1
   coulombtype                    = PME
   coulomb-modifier               = Potential-shift
   rcoulomb-switch                = 0
   rcoulomb                       = 1
   epsilon-r                      = 1
   epsilon-rf                     = inf
   vdw-type                       = Cut-off
   vdw-modifier                   = Potential-shift
   rvdw-switch                    = 0
   rvdw                           = 1
   DispCorr                       = EnerPres
   table-extension                = 1
   fourierspacing                 = 0.12
   fourier-nx                     = 42
   fourier-ny                     = 42
   fourier-nz                     = 42
   pme-order                      = 4
   ewald-rtol                     = 1e-05
   ewald-rtol-lj                  = 0.001
   lj-pme-comb-rule               = Geometric
   ewald-geometry                 = 3d
   epsilon-surface                = 0
   ensemble-temperature-setting   = constant
   ensemble-temperature           = 300
   tcoupl                         = V-rescale
   nsttcouple                     = 10
   nh-chain-length                = 0
   print-nose-hoover-chain-variables = false
   pcoupl                         = Parrinello-Rahman
   pcoupltype                     = Isotropic
   nstpcouple                     = 50
   tau-p                          = 2
   compressibility (3x3):
      compressibility[    0]={ 4.50000e-05,  0.00000e+00,  0.00000e+00}
      compressibility[    1]={ 0.00000e+00,  4.50000e-05,  0.00000e+00}
      compressibility[    2]={ 0.00000e+00,  0.00000e+00,  4.50000e-05}
   ref-p (3x3):
      ref-p[    0]={ 1.00000e+00,  0.00000e+00,  0.00000e+00}
      ref-p[    1]={ 0.00000e+00,  1.00000e+00,  0.00000e+00}
      ref-p[    2]={ 0.00000e+00,  0.00000e+00,  1.00000e+00}
   refcoord-scaling               = No
   posres-com (3):
      posres-com[0]= 0.00000e+00
      posres-com[1]= 0.00000e+00
      posres-com[2]= 0.00000e+00
   posres-comB (3):
      posres-comB[0]= 0.00000e+00
      posres-comB[1]= 0.00000e+00
      posres-comB[2]= 0.00000e+00
   QMMM                           = false
qm-opts:
   ngQM                           = 0
   constraint-algorithm           = Lincs
   continuation                   = false
   Shake-SOR                      = false
   shake-tol                      = 0.0001
   lincs-order                    = 4
   lincs-iter                     = 1
   lincs-warnangle                = 30
   nwall                          = 0
   wall-type                      = 9-3
   wall-r-linpot                  = -1
   wall-atomtype[0]               = -1
   wall-atomtype[1]               = -1
   wall-density[0]                = 0
   wall-density[1]                = 0
   wall-ewald-zfac                = 3
   pull                           = false
   awh                            = false
   rotation                       = false
   interactiveMD                  = false
   disre                          = No
   disre-weighting                = Conservative
   disre-mixed                    = false
   dr-fc                          = 1000
   dr-tau                         = 0
   nstdisreout                    = 100
   orire-fc                       = 0
   orire-tau                      = 0
   nstorireout                    = 100
   free-energy                    = no
   cos-acceleration               = 0
   deform (3x3):
      deform[    0]={ 0.00000e+00,  0.00000e+00,  0.00000e+00}
      deform[    1]={ 0.00000e+00,  0.00000e+00,  0.00000e+00}
      deform[    2]={ 0.00000e+00,  0.00000e+00,  0.00000e+00}
   simulated-tempering            = false
   swapcoords                     = no
   userint1                       = 0
   userint2                       = 0
   userint3                       = 0
   userint4                       = 0
   userreal1                      = 0
   userreal2                      = 0
   userreal3                      = 0
   userreal4                      = 0
   applied-forces:
     electric-field:
       x:
         E0                       = 0
         omega                    = 0
         t0                       = 0
         sigma                    = 0
       y:
         E0                       = 0
         omega                    = 0
         t0                       = 0
         sigma                    = 0
       z:
         E0                       = 0
         omega                    = 0
         t0                       = 0
         sigma                    = 0
     density-guided-simulation:
       active                     = false
       group                      = protein
       similarity-measure         = inner-product
       atom-spreading-weight      = unity
       force-constant             = 1e+09
       gaussian-transform-spreading-width = 0.2
       gaussian-transform-spreading-range-in-multiples-of-width = 4
       reference-density-filename = reference.mrc
       nst                        = 1
       normalize-densities        = true
       adaptive-force-scaling     = false
       adaptive-force-scaling-time-constant = 4
       shift-vector               = 
       transformation-matrix      = 
     qmmm-cp2k:
       active                     = false
       qmgroup                    = System
       qmmethod                   = PBE
       qmfilenames                = 
       qmcharge                   = 0
       qmmultiplicity             = 1
     colvars:
       active                     = false
       configfile                 = 
       seed                       = -1
grpopts:
   nrdf:       23823
   ref-t:         300
   tau-t:         0.1
annealing:          No
annealing-npoints:           0
   acc:	           0           0           0
   nfreeze:           N           N           N
   energygrp-flags[  0]: 0

Changing nstlist from 10 to 50, rlist from 1 to 1.107

Update groups can not be used for this system because there are three or more consecutively coupled constraints

Initializing Domain Decomposition on 1 ranks
Dynamic load balancing: auto
Minimum cell size due to atom displacement: 0.476 nm
Initial maximum distances in bonded interactions:
    two-body bonded interactions: 0.329 nm, LJ-14, atoms 548 552
  multi-body bonded interactions: 0.329 nm, Ryckaert-Bell., atoms 548 552
Minimum cell size due to bonded interactions: 0.362 nm
Maximum distance for 5 constraints, at 120 deg. angles, all-trans: 0.218 nm
Estimated maximum distance required for P-LINCS: 0.218 nm
Using 0 separate PME ranks because: there are too few total ranks for efficient splitting
Optimizing the DD grid for 1 cells with a minimum initial size of 0.476 nm
The maximum allowed number of cells is: X 10 Y 10 Z 10
Domain decomposition grid 1 x 1 x 1, separate PME ranks 0
PME domain decomposition: 1 x 1 x 1

The initial number of communication pulses is:
The initial domain decomposition cell size is:

The maximum allowed distance for atoms involved in interactions is:
                 non-bonded interactions           1.107 nm
(the following are initial values, they could change due to box deformation)
            two-body bonded interactions  (-rdd)   1.107 nm
          multi-body bonded interactions  (-rdd)   1.107 nm
  atoms separated by up to 5 constraints  (-rcon)  5.000 nm

When dynamic load balancing gets turned on, these settings will change to:
The maximum number of communication pulses is:
The minimum size for domain decomposition cells is 1.107 nm
The requested allowed shrink of DD cells (option -dds) is: 0.80
The allowed shrink of domain decomposition cells is:
The maximum allowed distance for atoms involved in interactions is:
                 non-bonded interactions           1.107 nm
            two-body bonded interactions  (-rdd)   1.107 nm
          multi-body bonded interactions  (-rdd)   1.107 nm
  atoms separated by up to 5 constraints  (-rcon)  1.107 nm

Using 1 MPI thread
Using 16 OpenMP threads 

System total charge: 0.000
Will do PME sum in reciprocal space for electrostatic interactions.

++++ PLEASE READ AND CITE THE FOLLOWING REFERENCE ++++
U. Essmann, L. Perera, M. L. Berkowitz, T. Darden, H. Lee and L. G. Pedersen 
A smooth particle mesh Ewald method
J. Chem. Phys. 103 (1995) pp. 8577-8592
-------- -------- --- Thank You --- -------- --------

Using a Gaussian width (1/beta) of 0.320163 nm for Ewald
Potential shift: LJ r^-12: -1.000e+00 r^-6: -1.000e+00, Ewald -1.000e-05
Initialized non-bonded Coulomb Ewald tables, spacing: 9.33e-04 size: 1073

Generated table with 1053 data points for 1-4 COUL.
Tabscale = 500 points/nm
Generated table with 1053 data points for 1-4 LJ6.
Tabscale = 500 points/nm
Generated table with 1053 data points for 1-4 LJ12.
Tabscale = 500 points/nm
Long Range LJ corr.: <C6> 2.9811e-04


Using SIMD4xM 4x4 nonbonded short-range kernels

Using a dual 4x4 pair-list setup updated with dynamic pruning:
  outer list: updated every 50 steps, buffer 0.107 nm, rlist 1.107 nm
  inner list: updated every 10 steps, buffer 0.000 nm, rlist 1.000 nm
At tolerance 0.005 kJ/mol/ps per atom, equivalent classical 1x1 list would be:
  outer list: updated every 50 steps, buffer 0.237 nm, rlist 1.237 nm
  inner list: updated every 10 steps, buffer 0.033 nm, rlist 1.033 nm

The average pressure is off by at most 0.43 bar due to missing LJ interactions

Using Geometric Lennard-Jones combination rule
Removing pbc first time

Linking all bonded interactions to atoms


Pinning threads with an auto-selected logical cpu stride of 1

Initializing Parallel LINear Constraint Solver

++++ PLEASE READ AND CITE THE FOLLOWING REFERENCE ++++
B. Hess
P-LINCS: A Parallel Linear Constraint Solver for molecular simulation
J. Chem. Theory Comput. 4 (2008) pp. 116-122
-------- -------- --- Thank You --- -------- --------

The number of constraints is 750
There are constraints between atoms in different decomposition domains,
will communicate selected coordinates each lincs iteration

++++ PLEASE READ AND CITE THE FOLLOWING REFERENCE ++++
S. Miyamoto and P. A. Kollman
SETTLE: An Analytical Version of the SHAKE and RATTLE Algorithms for Rigid
Water Models
J. Comp. Chem. 13 (1992) pp. 952-962
-------- -------- --- Thank You --- -------- --------


++++ PLEASE READ AND CITE THE FOLLOWING REFERENCE ++++
G. Bussi, D. Donadio and M. Parrinello
Canonical sampling through velocity rescaling
J. Chem. Phys. 126 (2007) pp. 014101
-------- -------- --- Thank You --- -------- --------

There are: 11788 Atoms
Atom distribution over 1 domains: av 11788 stddev 0 min 11788 max 11788

Constraining the starting coordinates (step 0)

Constraining the coordinates at t0-dt (step 0)
Center of mass motion removal mode is Linear
We have the following groups for center of mass motion removal:
  0:  rest
RMS relative constraint deviation after constraining: 8.95e-06
Initial temperature: 495.696 K

Started mdrun on rank 0 Mon Dec 16 20:24:33 2024

           Step           Time
              0        0.00000

   Energies (kJ/mol)
           Bond          Angle Ryckaert-Bell.          LJ-14     Coulomb-14
    2.24801e+02    2.46016e+03    3.26252e+02    2.71069e+01    0.00000e+00
        LJ (SR)  Disper. corr.   Coulomb (SR)   Coul. recip.      Potential
    2.16080e+04   -1.38638e+03   -1.55352e+05    1.76622e+03   -1.30325e+05
    Kinetic En.   Total Energy  Conserved En.    Temperature Pres. DC (bar)
    4.90975e+04   -8.12279e+04   -8.12204e+04    4.95745e+02   -1.84405e+02
 Pressure (bar)   Constr. rmsd
    2.42473e+03    9.04264e-06

           Step           Time
            100        0.20000

   Energies (kJ/mol)
           Bond          Angle Ryckaert-Bell.          LJ-14     Coulomb-14
    1.57142e+02    1.96763e+03    2.12005e+02    1.99434e+01    0.00000e+00
        LJ (SR)  Disper. corr.   Coulomb (SR)   Coul. recip.      Potential
    2.12557e+04   -1.35226e+03   -1.66170e+05    1.42339e+03   -1.42487e+05
    Kinetic En.   Total Energy  Conserved En.    Temperature Pres. DC (bar)
    3.84105e+04   -1.04076e+05   -8.11962e+04    3.87837e+02   -1.75452e+02
 Pressure (bar)   Constr. rmsd
   -5.94084e+02    5.28802e-06

           Step           Time
            200        0.40000

   Energies (kJ/mol)
           Bond          Angle Ryckaert-Bell.          LJ-14     Coulomb-14
    1.76605e+02    1.65747e+03    1.92781e+02    1.31552e+01    0.00000e+00
        LJ (SR)  Disper. corr.   Coulomb (SR)   Coul. recip.      Potential
    2.44759e+04   -1.32749e+03   -1.75961e+05    1.43537e+03   -1.49337e+05
    Kinetic En.   Total Energy  Conserved En.    Temperature Pres. DC (bar)
    3.38713e+04   -1.15466e+05   -8.11299e+04    3.42004e+02   -1.69090e+02
 Pressure (bar)   Constr. rmsd
   -7.69856e+02    3.75994e-06

           Step           Time
            300        0.60000

   Energies (kJ/mol)
           Bond          Angle Ryckaert-Bell.          LJ-14     Coulomb-14
    1.12782e+02    1.63563e+03    1.76122e+02    8.94262e+00    0.00000e+00
        LJ (SR)  Disper. corr.   Coulomb (SR)   Coul. recip.      Potential
    2.57816e+04   -1.32461e+03   -1.81169e+05    1.31503e+03   -1.53463e+05
    Kinetic En.   Total Energy  Conserved En.    Temperature Pres. DC (bar)
    3.22951e+04   -1.21168e+05   -8.11427e+04    3.26089e+02   -1.68358e+02
 Pressure (bar)   Constr. rmsd
   -9.92560e+02    3.40907e-06

           Step           Time
            400        0.80000

   Energies (kJ/mol)
           Bond          Angle Ryckaert-Bell.          LJ-14     Coulomb-14
    1.57009e+02    1.43118e+03    1.69150e+02   -2.49075e+00    0.00000e+00
        LJ (SR)  Disper. corr.   Coulomb (SR)   Coul. recip.      Potential
    2.68740e+04   -1.34679e+03   -1.85830e+05    1.26729e+03   -1.57281e+05
    Kinetic En.   Total Energy  Conserved En.    Temperature Pres. DC (bar)
    3.17027e+04   -1.25578e+05   -8.11233e+04    3.20107e+02   -1.74037e+02
 Pressure (bar)   Constr. rmsd
   -1.04666e+03    3.18852e-06

           Step           Time
            500        1.00000

   Energies (kJ/mol)
           Bond          Angle Ryckaert-Bell.          LJ-14     Coulomb-14
    1.14152e+02    1.43648e+03    1.62530e+02   -7.15386e+00    0.00000e+00
        LJ (SR)  Disper. corr.   Coulomb (SR)   Coul. recip.      Potential
    2.86024e+04   -1.39298e+03   -1.89676e+05    1.16794e+03   -1.59592e+05
    Kinetic En.   Total Energy  Conserved En.    Temperature Pres. DC (bar)
    3.09524e+04   -1.28640e+05   -8.08848e+04    3.12532e+02   -1.86162e+02
 Pressure (bar)   Constr. rmsd
   -2.70097e+02    3.25659e-06

           Step           Time
            600        1.20000

   Energies (kJ/mol)
           Bond          Angle Ryckaert-Bell.          LJ-14     Coulomb-14
    1.27905e+02    1.42632e+03    1.93346e+02   -2.02712e-01    0.00000e+00
        LJ (SR)  Disper. corr.   Coulomb (SR)   Coul. recip.      Potential
    3.03587e+04   -1.44636e+03   -1.93900e+05    1.08883e+03   -1.62152e+05
    Kinetic En.   Total Energy  Conserved En.    Temperature Pres. DC (bar)
    3.13727e+04   -1.30779e+05   -8.05603e+04    3.16775e+02   -2.00686e+02
 Pressure (bar)   Constr. rmsd
    6.11444e+02    3.02571e-06

           Step           Time
            700        1.40000

   Energies (kJ/mol)
           Bond          Angle Ryckaert-Bell.          LJ-14     Coulomb-14
    1.02044e+02    1.34287e+03    1.99398e+02    2.77498e+00    0.00000e+00
        LJ (SR)  Disper. corr.   Coulomb (SR)   Coul. recip.      Potential
    3.12879e+04   -1.48725e+03   -1.95919e+05    1.00812e+03   -1.63463e+05
    Kinetic En.   Total Energy  Conserved En.    Temperature Pres. DC (bar)
    3.02794e+04   -1.33184e+05   -8.03819e+04    3.05736e+02   -2.12178e+02
 Pressure (bar)   Constr. rmsd
    1.29372e+03    2.91697e-06

           Step           Time
            800        1.60000

   Energies (kJ/mol)
           Bond          Angle Ryckaert-Bell.          LJ-14     Coulomb-14
    1.29705e+02    1.30871e+03    1.96772e+02    2.14263e+00    0.00000e+00
        LJ (SR)  Disper. corr.   Coulomb (SR)   Coul. recip.      Potential
    3.12813e+04   -1.49853e+03   -1.96875e+05    9.90921e+02   -1.64464e+05
    Kinetic En.   Total Energy  Conserved En.    Temperature Pres. DC (bar)
    3.04179e+04   -1.34046e+05   -8.04017e+04    3.07134e+02   -2.15405e+02
 Pressure (bar)   Constr. rmsd
    1.23383e+03    3.15686e-06

           Step           Time
            900        1.80000

   Energies (kJ/mol)
           Bond          Angle Ryckaert-Bell.          LJ-14     Coulomb-14
    1.19583e+02    1.27395e+03    1.73863e+02   -5.16616e-01    0.00000e+00
        LJ (SR)  Disper. corr.   Coulomb (SR)   Coul. recip.      Potential
    3.06624e+04   -1.47884e+03   -1.95908e+05    9.54840e+02   -1.64203e+05
    Kinetic En.   Total Energy  Conserved En.    Temperature Pres. DC (bar)
    3.02476e+04   -1.33955e+05   -8.03982e+04    3.05415e+02   -2.09788e+02
 Pressure (bar)   Constr. rmsd
    8.13695e+02    3.15691e-06

           Step           Time
           1000        2.00000

   Energies (kJ/mol)
           Bond          Angle Ryckaert-Bell.          LJ-14     Coulomb-14
    1.16602e+02    1.32044e+03    1.64620e+02    1.39533e-01    0.00000e+00
        LJ (SR)  Disper. corr.   Coulomb (SR)   Coul. recip.      Potential
    2.91949e+04   -1.44277e+03   -1.94523e+05    1.01430e+03   -1.64155e+05
    Kinetic En.   Total Energy  Conserved En.    Temperature Pres. DC (bar)
    2.94794e+04   -1.34675e+05   -8.02567e+04    2.97658e+02   -1.99689e+02
 Pressure (bar)   Constr. rmsd
   -3.89785e+02    3.04605e-06

           Step           Time
           1100        2.20000

   Energies (kJ/mol)
           Bond          Angle Ryckaert-Bell.          LJ-14     Coulomb-14
    1.24075e+02    1.25824e+03    2.16405e+02    6.25462e-01    0.00000e+00
        LJ (SR)  Disper. corr.   Coulomb (SR)   Coul. recip.      Potential
    2.80131e+04   -1.41585e+03   -1.93332e+05    1.00896e+03   -1.64127e+05
    Kinetic En.   Total Energy  Conserved En.    Temperature Pres. DC (bar)
    2.99662e+04   -1.34161e+05   -8.01890e+04    3.02574e+02   -1.92317e+02
 Pressure (bar)   Constr. rmsd
   -1.14605e+03    3.27545e-06

           Step           Time
           1200        2.40000

   Energies (kJ/mol)
           Bond          Angle Ryckaert-Bell.          LJ-14     Coulomb-14
    1.01683e+02    1.28839e+03    1.55719e+02   -1.86343e+00    0.00000e+00
        LJ (SR)  Disper. corr.   Coulomb (SR)   Coul. recip.      Potential
    2.92605e+04   -1.41163e+03   -1.94756e+05    1.05307e+03   -1.64310e+05
    Kinetic En.   Total Energy  Conserved En.    Temperature Pres. DC (bar)
    3.00038e+04   -1.34306e+05   -8.02054e+04    3.02954e+02   -1.91173e+02
 Pressure (bar)   Constr. rmsd
   -6.45015e+02    2.83187e-06

           Step           Time
           1300        2.60000

   Energies (kJ/mol)
           Bond          Angle Ryckaert-Bell.          LJ-14     Coulomb-14
    1.17192e+02    1.23122e+03    1.83111e+02   -1.04381e+00    0.00000e+00
        LJ (SR)  Disper. corr.   Coulomb (SR)   Coul. recip.      Potential
    2.93995e+04   -1.42354e+03   -1.95271e+05    9.93769e+02   -1.64771e+05
    Kinetic En.   Total Energy  Conserved En.    Temperature Pres. DC (bar)
    2.99192e+04   -1.34852e+05   -8.02071e+04    3.02099e+02   -1.94409e+02
 Pressure (bar)   Constr. rmsd
   -5.34497e+02    3.06844e-06

           Step           Time
           1400        2.80000

   Energies (kJ/mol)
           Bond          Angle Ryckaert-Bell.          LJ-14     Coulomb-14
    1.26271e+02    1.35757e+03    1.49320e+02   -1.18120e+00    0.00000e+00
        LJ (SR)  Disper. corr.   Coulomb (SR)   Coul. recip.      Potential
    3.01228e+04   -1.44803e+03   -1.95962e+05    9.99613e+02   -1.64656e+05
    Kinetic En.   Total Energy  Conserved En.    Temperature Pres. DC (bar)
    2.95322e+04   -1.35123e+05   -8.01249e+04    2.98191e+02   -2.01149e+02
 Pressure (bar)   Constr. rmsd
   -9.42994e+00    2.93986e-06

           Step           Time
           1500        3.00000

   Energies (kJ/mol)
           Bond          Angle Ryckaert-Bell.          LJ-14     Coulomb-14
    1.07454e+02    1.24891e+03    1.97497e+02   -2.62023e+00    0.00000e+00
        LJ (SR)  Disper. corr.   Coulomb (SR)   Coul. recip.      Potential
    3.06371e+04   -1.47258e+03   -1.97129e+05    1.02781e+03   -1.65385e+05
    Kinetic En.   Total Energy  Conserved En.    Temperature Pres. DC (bar)
    2.97745e+04   -1.35611e+05   -8.00734e+04    3.00638e+02   -2.08018e+02
 Pressure (bar)   Constr. rmsd
    3.02239e+02    3.07200e-06

           Step           Time
           1600        3.20000

   Energies (kJ/mol)
           Bond          Angle Ryckaert-Bell.          LJ-14     Coulomb-14
    1.16905e+02    1.32073e+03    1.86123e+02   -5.67175e+00    0.00000e+00
        LJ (SR)  Disper. corr.   Coulomb (SR)   Coul. recip.      Potential
    3.13878e+04   -1.48445e+03   -1.98640e+05    9.20869e+02   -1.66198e+05
    Kinetic En.   Total Energy  Conserved En.    Temperature Pres. DC (bar)
    2.95696e+04   -1.36629e+05   -8.00694e+04    2.98569e+02   -2.11380e+02
 Pressure (bar)   Constr. rmsd
    6.68174e+02    2.77974e-06

           Step           Time
           1700        3.40000

   Energies (kJ/mol)
           Bond          Angle Ryckaert-Bell.          LJ-14     Coulomb-14
    8.97986e+01    1.27145e+03    1.51152e+02   -5.29671e+00    0.00000e+00
        LJ (SR)  Disper. corr.   Coulomb (SR)   Coul. recip.      Potential
    3.07424e+04   -1.47701e+03   -1.98255e+05    9.88054e+02   -1.66494e+05
    Kinetic En.   Total Energy  Conserved En.    Temperature Pres. DC (bar)
    2.98502e+04   -1.36644e+05   -8.00809e+04    3.01402e+02   -2.09270e+02
 Pressure (bar)   Constr. rmsd
    3.95334e+02    3.21332e-06

           Step           Time
           1800        3.60000

   Energies (kJ/mol)
           Bond          Angle Ryckaert-Bell.          LJ-14     Coulomb-14
    1.28143e+02    1.22414e+03    1.69696e+02   -2.33415e+00    0.00000e+00
        LJ (SR)  Disper. corr.   Coulomb (SR)   Coul. recip.      Potential
    2.95379e+04   -1.45964e+03   -1.96446e+05    9.67525e+02   -1.65880e+05
    Kinetic En.   Total Energy  Conserved En.    Temperature Pres. DC (bar)
    2.97642e+04   -1.36116e+05   -8.00578e+04    3.00534e+02   -2.04381e+02
 Pressure (bar)   Constr. rmsd
   -2.96917e+02    3.46868e-06

           Step           Time
           1900        3.80000

   Energies (kJ/mol)
           Bond          Angle Ryckaert-Bell.          LJ-14     Coulomb-14
    8.64856e+01    1.17117e+03    1.49818e+02   -5.79685e+00    0.00000e+00
        LJ (SR)  Disper. corr.   Coulomb (SR)   Coul. recip.      Potential
    2.96915e+04   -1.44864e+03   -1.96293e+05    1.01812e+03   -1.65631e+05
    Kinetic En.   Total Energy  Conserved En.    Temperature Pres. DC (bar)
    2.98229e+04   -1.35808e+05   -8.00552e+04    3.01126e+02   -2.01316e+02
 Pressure (bar)   Constr. rmsd
   -3.36709e+02    3.72503e-06

           Step           Time
           2000        4.00000

   Energies (kJ/mol)
           Bond          Angle Ryckaert-Bell.          LJ-14     Coulomb-14
    1.22136e+02    1.24432e+03    2.08731e+02   -2.04134e+00    0.00000e+00
        LJ (SR)  Disper. corr.   Coulomb (SR)   Coul. recip.      Potential
    3.01554e+04   -1.44832e+03   -1.96046e+05    1.02476e+03   -1.64741e+05
    Kinetic En.   Total Energy  Conserved En.    Temperature Pres. DC (bar)
    2.98131e+04   -1.34927e+05   -8.00509e+04    3.01027e+02   -2.01229e+02
 Pressure (bar)   Constr. rmsd
   -4.22024e+01    3.14357e-06

           Step           Time
           2100        4.20000

   Energies (kJ/mol)
           Bond          Angle Ryckaert-Bell.          LJ-14     Coulomb-14
    1.13457e+02    1.29971e+03    2.08324e+02   -3.88528e-01    0.00000e+00
        LJ (SR)  Disper. corr.   Coulomb (SR)   Coul. recip.      Potential
    3.03588e+04   -1.45232e+03   -1.97155e+05    1.01751e+03   -1.65609e+05
    Kinetic En.   Total Energy  Conserved En.    Temperature Pres. DC (bar)
    3.00183e+04   -1.35591e+05   -8.00498e+04    3.03099e+02   -2.02340e+02
 Pressure (bar)   Constr. rmsd
   -5.06009e+01    2.98601e-06

           Step           Time
           2200        4.40000

   Energies (kJ/mol)
           Bond          Angle Ryckaert-Bell.          LJ-14     Coulomb-14
    9.42065e+01    1.26252e+03    2.08318e+02   -7.45961e-01    0.00000e+00
        LJ (SR)  Disper. corr.   Coulomb (SR)   Coul. recip.      Potential
    3.03435e+04   -1.45902e+03   -1.96742e+05    9.84355e+02   -1.65308e+05
    Kinetic En.   Total Energy  Conserved En.    Temperature Pres. DC (bar)
    2.96570e+04   -1.35651e+05   -8.00393e+04    2.99452e+02   -2.04208e+02
 Pressure (bar)   Constr. rmsd
    1.27968e+02    3.23267e-06

           Step           Time
           2300        4.60000

   Energies (kJ/mol)
           Bond          Angle Ryckaert-Bell.          LJ-14     Coulomb-14
    1.10844e+02    1.30623e+03    2.16123e+02   -2.60257e+00    0.00000e+00
        LJ (SR)  Disper. corr.   Coulomb (SR)   Coul. recip.      Potential
    3.00106e+04   -1.46415e+03   -1.96758e+05    9.75992e+02   -1.65605e+05
    Kinetic En.   Total Energy  Conserved En.    Temperature Pres. DC (bar)
    2.95200e+04   -1.36085e+05   -8.00371e+04    2.98069e+02   -2.05645e+02
 Pressure (bar)   Constr. rmsd
    7.40974e-01    3.16454e-06

           Step           Time
           2400        4.80000

   Energies (kJ/mol)
           Bond          Angle Ryckaert-Bell.          LJ-14     Coulomb-14
    8.96225e+01    1.25715e+03    2.00048e+02   -6.28413e+00    0.00000e+00
        LJ (SR)  Disper. corr.   Coulomb (SR)   Coul. recip.      Potential
    2.99888e+04   -1.46761e+03   -1.97312e+05    9.97752e+02   -1.66252e+05
    Kinetic En.   Total Energy  Conserved En.    Temperature Pres. DC (bar)
    2.93570e+04   -1.36895e+05   -8.00445e+04    2.96422e+02   -2.06618e+02
 Pressure (bar)   Constr. rmsd
   -1.58958e+02    2.98644e-06

           Step           Time
           2500        5.00000

   Energies (kJ/mol)
           Bond          Angle Ryckaert-Bell.          LJ-14     Coulomb-14
    1.12336e+02    1.22948e+03    1.62950e+02   -3.86250e-01    0.00000e+00
        LJ (SR)  Disper. corr.   Coulomb (SR)   Coul. recip.      Potential
    3.08744e+04   -1.47031e+03   -1.98134e+05    9.40072e+02   -1.66286e+05
    Kinetic En.   Total Energy  Conserved En.    Temperature Pres. DC (bar)
    2.97123e+04   -1.36574e+05   -8.00402e+04    3.00010e+02   -2.07377e+02
 Pressure (bar)   Constr. rmsd
    3.00082e+02    3.33096e-06

           Step           Time
           2600        5.20000

   Energies (kJ/mol)
           Bond          Angle Ryckaert-Bell.          LJ-14     Coulomb-14
    1.25188e+02    1.24696e+03    1.91916e+02    3.58291e-01    0.00000e+00
        LJ (SR)  Disper. corr.   Coulomb (SR)   Coul. recip.      Potential
    3.12233e+04   -1.46631e+03   -1.98188e+05    9.64245e+02   -1.65903e+05
    Kinetic En.   Total Energy  Conserved En.    Temperature Pres. DC (bar)
    2.97658e+04   -1.36137e+05   -8.00345e+04    3.00550e+02   -2.06253e+02
 Pressure (bar)   Constr. rmsd
    5.08202e+02    3.28819e-06

           Step           Time
           2700        5.40000

   Energies (kJ/mol)
           Bond          Angle Ryckaert-Bell.          LJ-14     Coulomb-14
    1.12590e+02    1.25760e+03    1.77181e+02   -4.61629e+00    0.00000e+00
        LJ (SR)  Disper. corr.   Coulomb (SR)   Coul. recip.      Potential
    3.04037e+04   -1.45543e+03   -1.97290e+05    9.76332e+02   -1.65823e+05
    Kinetic En.   Total Energy  Conserved En.    Temperature Pres. DC (bar)
    2.95653e+04   -1.36257e+05   -8.00249e+04    2.98526e+02   -2.03206e+02
 Pressure (bar)   Constr. rmsd
   -4.68939e+00    3.19072e-06

           Step           Time
           2800        5.60000

   Energies (kJ/mol)
           Bond          Angle Ryckaert-Bell.          LJ-14     Coulomb-14
    1.46304e+02    1.25275e+03    1.92569e+02   -6.35352e+00    0.00000e+00
        LJ (SR)  Disper. corr.   Coulomb (SR)   Coul. recip.      Potential
    2.97461e+04   -1.44715e+03   -1.96468e+05    1.00962e+03   -1.65574e+05
    Kinetic En.   Total Energy  Conserved En.    Temperature Pres. DC (bar)
    2.95989e+04   -1.35976e+05   -8.00262e+04    2.98865e+02   -2.00904e+02
 Pressure (bar)   Constr. rmsd
   -3.93610e+02    2.95615e-06

           Step           Time
           2900        5.80000

   Energies (kJ/mol)
           Bond          Angle Ryckaert-Bell.          LJ-14     Coulomb-14
    1.24668e+02    1.18820e+03    1.60776e+02   -6.80879e+00    0.00000e+00
        LJ (SR)  Disper. corr.   Coulomb (SR)   Coul. recip.      Potential
    3.01106e+04   -1.44625e+03   -1.96935e+05    9.62451e+02   -1.65842e+05
    Kinetic En.   Total Energy  Conserved En.    Temperature Pres. DC (bar)
    2.96938e+04   -1.36148e+05   -8.00338e+04    2.99823e+02   -2.00655e+02
 Pressure (bar)   Constr. rmsd
   -3.34573e+02    3.29345e-06

           Step           Time
           3000        6.00000

   Energies (kJ/mol)
           Bond          Angle Ryckaert-Bell.          LJ-14     Coulomb-14
    1.18159e+02    1.20593e+03    1.70579e+02   -1.06683e+00    0.00000e+00
        LJ (SR)  Disper. corr.   Coulomb (SR)   Coul. recip.      Potential
    3.04265e+04   -1.44930e+03   -1.97681e+05    9.90340e+02   -1.66220e+05
    Kinetic En.   Total Energy  Conserved En.    Temperature Pres. DC (bar)
    2.94252e+04   -1.36795e+05   -8.00272e+04    2.97111e+02   -2.01500e+02
 Pressure (bar)   Constr. rmsd
   -1.43877e+02    3.18581e-06

           Step           Time
           3100        6.20000

   Energies (kJ/mol)
           Bond          Angle Ryckaert-Bell.          LJ-14     Coulomb-14
    1.54076e+02    1.24766e+03    1.67768e+02   -3.07399e+00    0.00000e+00
        LJ (SR)  Disper. corr.   Coulomb (SR)   Coul. recip.      Potential
    3.07437e+04   -1.45540e+03   -1.97473e+05    1.01274e+03   -1.65606e+05
    Kinetic En.   Total Energy  Conserved En.    Temperature Pres. DC (bar)
    2.97629e+04   -1.35843e+05   -8.00033e+04    3.00521e+02   -2.03198e+02
 Pressure (bar)   Constr. rmsd
    2.59355e+02    2.97162e-06

           Step           Time
           3200        6.40000

   Energies (kJ/mol)
           Bond          Angle Ryckaert-Bell.          LJ-14     Coulomb-14
    1.14856e+02    1.27443e+03    1.42453e+02   -9.17037e+00    0.00000e+00
        LJ (SR)  Disper. corr.   Coulomb (SR)   Coul. recip.      Potential
    3.10160e+04   -1.45974e+03   -1.97876e+05    9.91670e+02   -1.65806e+05
    Kinetic En.   Total Energy  Conserved En.    Temperature Pres. DC (bar)
    3.00426e+04   -1.35763e+05   -8.00119e+04    3.03345e+02   -2.04410e+02
 Pressure (bar)   Constr. rmsd
    3.09165e+02    3.24047e-06

           Step           Time
           3300        6.60000

   Energies (kJ/mol)
           Bond          Angle Ryckaert-Bell.          LJ-14     Coulomb-14
    1.56894e+02    1.20389e+03    1.78746e+02   -2.86540e+00    0.00000e+00
        LJ (SR)  Disper. corr.   Coulomb (SR)   Coul. recip.      Potential
    3.08651e+04   -1.45897e+03   -1.98797e+05    9.49426e+02   -1.66904e+05
    Kinetic En.   Total Energy  Conserved En.    Temperature Pres. DC (bar)
    2.97996e+04   -1.37105e+05   -8.00185e+04    3.00892e+02   -2.04195e+02
 Pressure (bar)   Constr. rmsd
    3.16106e+01    3.05713e-06

           Step           Time
           3400        6.80000

   Energies (kJ/mol)
           Bond          Angle Ryckaert-Bell.          LJ-14     Coulomb-14
    1.09302e+02    1.20354e+03    1.85168e+02    1.76024e+00    0.00000e+00
        LJ (SR)  Disper. corr.   Coulomb (SR)   Coul. recip.      Potential
    3.07388e+04   -1.45915e+03   -1.98760e+05    1.01407e+03   -1.66966e+05
    Kinetic En.   Total Energy  Conserved En.    Temperature Pres. DC (bar)
    2.99459e+04   -1.37020e+05   -8.00286e+04    3.02369e+02   -2.04245e+02
 Pressure (bar)   Constr. rmsd
   -5.68136e+01    3.06246e-06

           Step           Time
           3500        7.00000

   Energies (kJ/mol)
           Bond          Angle Ryckaert-Bell.          LJ-14     Coulomb-14
    1.49354e+02    1.22830e+03    1.98321e+02    1.84695e+00    0.00000e+00
        LJ (SR)  Disper. corr.   Coulomb (SR)   Coul. recip.      Potential
    3.10802e+04   -1.46297e+03   -1.99111e+05    9.96593e+02   -1.66919e+05
    Kinetic En.   Total Energy  Conserved En.    Temperature Pres. DC (bar)
    2.95864e+04   -1.37333e+05   -8.00110e+04    2.98739e+02   -2.05315e+02
 Pressure (bar)   Constr. rmsd
    2.40016e+02    3.28840e-06

           Step           Time
           3600        7.20000

   Energies (kJ/mol)
           Bond          Angle Ryckaert-Bell.          LJ-14     Coulomb-14
    1.58624e+02    1.28018e+03    2.16744e+02   -7.49283e-01    0.00000e+00
        LJ (SR)  Disper. corr.   Coulomb (SR)   Coul. recip.      Potential
    3.17244e+04   -1.46316e+03   -1.99632e+05    1.01753e+03   -1.66698e+05
    Kinetic En.   Total Energy  Conserved En.    Temperature Pres. DC (bar)
    2.99345e+04   -1.36764e+05   -8.00082e+04    3.02253e+02   -2.05367e+02
 Pressure (bar)   Constr. rmsd
    6.13903e+02    3.13071e-06

           Step           Time
           3700        7.40000

   Energies (kJ/mol)
           Bond          Angle Ryckaert-Bell.          LJ-14     Coulomb-14
    1.06216e+02    1.27008e+03    2.13624e+02   -5.82529e-01    0.00000e+00
        LJ (SR)  Disper. corr.   Coulomb (SR)   Coul. recip.      Potential
    3.00586e+04   -1.45286e+03   -1.97815e+05    9.79189e+02   -1.66641e+05
    Kinetic En.   Total Energy  Conserved En.    Temperature Pres. DC (bar)
    2.97376e+04   -1.36903e+05   -8.00136e+04    3.00265e+02   -2.02489e+02
 Pressure (bar)   Constr. rmsd
   -2.98826e+02    2.92026e-06

           Step           Time
           3800        7.60000

   Energies (kJ/mol)
           Bond          Angle Ryckaert-Bell.          LJ-14     Coulomb-14
    1.66753e+02    1.30716e+03    2.03867e+02    3.72046e+00    0.00000e+00
        LJ (SR)  Disper. corr.   Coulomb (SR)   Coul. recip.      Potential
    3.04414e+04   -1.44582e+03   -1.98089e+05    9.84479e+02   -1.66428e+05
    Kinetic En.   Total Energy  Conserved En.    Temperature Pres. DC (bar)
    2.95196e+04   -1.36908e+05   -7.99993e+04    2.98064e+02   -2.00535e+02
 Pressure (bar)   Constr. rmsd
   -1.98839e+02    2.62373e-06

           Step           Time
           3900        7.80000

   Energies (kJ/mol)
           Bond          Angle Ryckaert-Bell.          LJ-14     Coulomb-14
    1.04441e+02    1.32413e+03    2.11299e+02   -5.59099e-01    0.00000e+00
        LJ (SR)  Disper. corr.   Coulomb (SR)   Coul. recip.      Potential
    2.99063e+04   -1.44306e+03   -1.96911e+05    1.08763e+03   -1.65721e+05
    Kinetic En.   Total Energy  Conserved En.    Temperature Pres. DC (bar)
    2.98089e+04   -1.35912e+05   -8.00040e+04    3.00985e+02   -1.99770e+02
 Pressure (bar)   Constr. rmsd
   -4.07290e+02    2.89884e-06

           Step           Time
           4000        8.00000

   Energies (kJ/mol)
           Bond          Angle Ryckaert-Bell.          LJ-14     Coulomb-14
    1.50636e+02    1.28510e+03    2.12994e+02   -7.45045e+00    0.00000e+00
        LJ (SR)  Disper. corr.   Coulomb (SR)   Coul. recip.      Potential
    3.04565e+04   -1.44720e+03   -1.97815e+05    1.02823e+03   -1.66136e+05
    Kinetic En.   Total Energy  Conserved En.    Temperature Pres. DC (bar)
    2.98283e+04   -1.36308e+05   -8.00057e+04    3.01181e+02   -2.00917e+02
 Pressure (bar)   Constr. rmsd
   -1.97997e+02    3.06786e-06

           Step           Time
           4100        8.20000

   Energies (kJ/mol)
           Bond          Angle Ryckaert-Bell.          LJ-14     Coulomb-14
    1.16320e+02    1.26638e+03    2.08718e+02   -1.63213e+00    0.00000e+00
        LJ (SR)  Disper. corr.   Coulomb (SR)   Coul. recip.      Potential
    3.01733e+04   -1.45480e+03   -1.97633e+05    1.06565e+03   -1.66259e+05
    Kinetic En.   Total Energy  Conserved En.    Temperature Pres. DC (bar)
    2.98341e+04   -1.36424e+05   -8.00040e+04    3.01240e+02   -2.03031e+02
 Pressure (bar)   Constr. rmsd
   -1.25963e+02    2.87132e-06

           Step           Time
           4200        8.40000

   Energies (kJ/mol)
           Bond          Angle Ryckaert-Bell.          LJ-14     Coulomb-14
    1.20045e+02    1.19902e+03    1.95011e+02    6.29676e-01    0.00000e+00
        LJ (SR)  Disper. corr.   Coulomb (SR)   Coul. recip.      Potential
    3.13984e+04   -1.46540e+03   -1.98584e+05    1.00112e+03   -1.66135e+05
    Kinetic En.   Total Energy  Conserved En.    Temperature Pres. DC (bar)
    2.99706e+04   -1.36164e+05   -7.99955e+04    3.02618e+02   -2.05995e+02
 Pressure (bar)   Constr. rmsd
    4.78731e+02    3.19282e-06

           Step           Time
           4300        8.60000

   Energies (kJ/mol)
           Bond          Angle Ryckaert-Bell.          LJ-14     Coulomb-14
    1.32815e+02    1.25497e+03    1.91319e+02   -2.67886e+00    0.00000e+00
        LJ (SR)  Disper. corr.   Coulomb (SR)   Coul. recip.      Potential
    3.12670e+04   -1.46976e+03   -1.98473e+05    1.00715e+03   -1.66092e+05
    Kinetic En.   Total Energy  Conserved En.    Temperature Pres. DC (bar)
    2.97578e+04   -1.36334e+05   -7.99844e+04    3.00470e+02   -2.07224e+02
 Pressure (bar)   Constr. rmsd
    4.55648e+02    3.28390e-06

           Step           Time
           4400        8.80000

   Energies (kJ/mol)
           Bond          Angle Ryckaert-Bell.          LJ-14     Coulomb-14
    1.16091e+02    1.24434e+03    1.82972e+02   -5.43909e+00    0.00000e+00
        LJ (SR)  Disper. corr.   Coulomb (SR)   Coul. recip.      Potential
    3.04377e+04   -1.46346e+03   -1.97900e+05    9.80892e+02   -1.66407e+05
    Kinetic En.   Total Energy  Conserved En.    Temperature Pres. DC (bar)
    3.02173e+04   -1.36189e+05   -8.00040e+04    3.05109e+02   -2.05452e+02
 Pressure (bar)   Constr. rmsd
    7.51938e+01    3.04821e-06

           Step           Time
           4500        9.00000

   Energies (kJ/mol)
           Bond          Angle Ryckaert-Bell.          LJ-14     Coulomb-14
    1.31977e+02    1.31747e+03    1.83331e+02   -4.41315e+00    0.00000e+00
        LJ (SR)  Disper. corr.   Coulomb (SR)   Coul. recip.      Potential
    3.03014e+04   -1.45283e+03   -1.97055e+05    1.02560e+03   -1.65552e+05
    Kinetic En.   Total Energy  Conserved En.    Temperature Pres. DC (bar)
    2.93993e+04   -1.36153e+05   -7.99784e+04    2.96850e+02   -2.02483e+02
 Pressure (bar)   Constr. rmsd
   -3.73551e+01    3.32592e-06

           Step           Time
           4600        9.20000

   Energies (kJ/mol)
           Bond          Angle Ryckaert-Bell.          LJ-14     Coulomb-14
    1.18091e+02    1.27622e+03    1.80685e+02    2.13972e-01    0.00000e+00
        LJ (SR)  Disper. corr.   Coulomb (SR)   Coul. recip.      Potential
    2.94804e+04   -1.44322e+03   -1.95864e+05    9.85773e+02   -1.65266e+05
    Kinetic En.   Total Energy  Conserved En.    Temperature Pres. DC (bar)
    2.97892e+04   -1.35476e+05   -7.99852e+04    3.00787e+02   -1.99815e+02
 Pressure (bar)   Constr. rmsd
   -4.13550e+02    3.29136e-06

           Step           Time
           4700        9.40000

   Energies (kJ/mol)
           Bond          Angle Ryckaert-Bell.          LJ-14     Coulomb-14
    1.39630e+02    1.31168e+03    2.04768e+02   -6.79176e-02    0.00000e+00
        LJ (SR)  Disper. corr.   Coulomb (SR)   Coul. recip.      Potential
    2.87689e+04   -1.44313e+03   -1.95346e+05    9.43253e+02   -1.65421e+05
    Kinetic En.   Total Energy  Conserved En.    Temperature Pres. DC (bar)
    2.97726e+04   -1.35649e+05   -7.99864e+04    3.00618e+02   -1.99790e+02
 Pressure (bar)   Constr. rmsd
   -8.62532e+02    3.21857e-06

           Step           Time
           4800        9.60000

   Energies (kJ/mol)
           Bond          Angle Ryckaert-Bell.          LJ-14     Coulomb-14
    1.26347e+02    1.30726e+03    1.94327e+02   -2.68802e+00    0.00000e+00
        LJ (SR)  Disper. corr.   Coulomb (SR)   Coul. recip.      Potential
    3.05010e+04   -1.46073e+03   -1.97946e+05    9.74092e+02   -1.66306e+05
    Kinetic En.   Total Energy  Conserved En.    Temperature Pres. DC (bar)
    2.99778e+04   -1.36328e+05   -7.99628e+04    3.02691e+02   -2.04688e+02
 Pressure (bar)   Constr. rmsd
   -4.15206e+01    3.17388e-06

           Step           Time
           4900        9.80000

   Energies (kJ/mol)
           Bond          Angle Ryckaert-Bell.          LJ-14     Coulomb-14
    1.40572e+02    1.27606e+03    1.95129e+02   -2.88670e-01    0.00000e+00
        LJ (SR)  Disper. corr.   Coulomb (SR)   Coul. recip.      Potential
    3.09130e+04   -1.48042e+03   -1.98728e+05    9.36167e+02   -1.66748e+05
    Kinetic En.   Total Energy  Conserved En.    Temperature Pres. DC (bar)
    3.01483e+04   -1.36599e+05   -7.99150e+04    3.04413e+02   -2.10235e+02
 Pressure (bar)   Constr. rmsd
    4.58027e+02    3.10956e-06

           Step           Time
           5000       10.00000

   Energies (kJ/mol)
           Bond          Angle Ryckaert-Bell.          LJ-14     Coulomb-14
    1.25831e+02    1.23768e+03    2.08169e+02   -1.70398e+00    0.00000e+00
        LJ (SR)  Disper. corr.   Coulomb (SR)   Coul. recip.      Potential
    3.10034e+04   -1.48865e+03   -1.98612e+05    9.59158e+02   -1.66568e+05
    Kinetic En.   Total Energy  Conserved En.    Temperature Pres. DC (bar)
    2.97813e+04   -1.36787e+05   -7.99162e+04    3.00707e+02   -2.12577e+02
 Pressure (bar)   Constr. rmsd
    6.36601e+02    3.25608e-06

           Step           Time
           5100       10.20000

   Energies (kJ/mol)
           Bond          Angle Ryckaert-Bell.          LJ-14     Coulomb-14
    1.15703e+02    1.24639e+03    2.08230e+02   -2.65722e+00    0.00000e+00
        LJ (SR)  Disper. corr.   Coulomb (SR)   Coul. recip.      Potential
    3.17005e+04   -1.48045e+03   -1.99962e+05    9.09489e+02   -1.67264e+05
    Kinetic En.   Total Energy  Conserved En.    Temperature Pres. DC (bar)
    3.00177e+04   -1.37247e+05   -7.99167e+04    3.03094e+02   -2.10245e+02
 Pressure (bar)   Constr. rmsd
    6.35192e+02    3.44296e-06

           Step           Time
           5200       10.40000

   Energies (kJ/mol)
           Bond          Angle Ryckaert-Bell.          LJ-14     Coulomb-14
    1.43529e+02    1.28579e+03    1.82139e+02   -3.28391e+00    0.00000e+00
        LJ (SR)  Disper. corr.   Coulomb (SR)   Coul. recip.      Potential
    3.00790e+04   -1.45822e+03   -1.96892e+05    9.98297e+02   -1.65664e+05
    Kinetic En.   Total Energy  Conserved En.    Temperature Pres. DC (bar)
    2.96485e+04   -1.36016e+05   -7.98737e+04    2.99365e+02   -2.03986e+02
 Pressure (bar)   Constr. rmsd
   -1.64299e+02    3.29380e-06

           Step           Time
           5300       10.60000

   Energies (kJ/mol)
           Bond          Angle Ryckaert-Bell.          LJ-14     Coulomb-14
    1.37063e+02    1.30660e+03    1.97212e+02   -4.30667e+00    0.00000e+00
        LJ (SR)  Disper. corr.   Coulomb (SR)   Coul. recip.      Potential
    3.00290e+04   -1.43702e+03   -1.96871e+05    1.02219e+03   -1.65620e+05
    Kinetic En.   Total Energy  Conserved En.    Temperature Pres. DC (bar)
    2.99035e+04   -1.35717e+05   -7.98153e+04    3.01941e+02   -1.98104e+02
 Pressure (bar)   Constr. rmsd
   -4.24640e+02    2.84663e-06

           Step           Time
           5400       10.80000

   Energies (kJ/mol)
           Bond          Angle Ryckaert-Bell.          LJ-14     Coulomb-14
    1.36930e+02    1.26596e+03    1.77476e+02   -7.25432e+00    0.00000e+00
        LJ (SR)  Disper. corr.   Coulomb (SR)   Coul. recip.      Potential
    2.93941e+04   -1.42630e+03   -1.96274e+05    9.97034e+02   -1.65736e+05
    Kinetic En.   Total Energy  Conserved En.    Temperature Pres. DC (bar)
    2.93366e+04   -1.36399e+05   -7.98180e+04    2.96216e+02   -1.95164e+02
 Pressure (bar)   Constr. rmsd
   -7.95134e+02    3.52568e-06

           Step           Time
           5500       11.00000

   Energies (kJ/mol)
           Bond          Angle Ryckaert-Bell.          LJ-14     Coulomb-14
    1.45561e+02    1.24911e+03    1.60252e+02   -6.88102e+00    0.00000e+00
        LJ (SR)  Disper. corr.   Coulomb (SR)   Coul. recip.      Potential
    3.01639e+04   -1.43544e+03   -1.97460e+05    1.00853e+03   -1.66175e+05
    Kinetic En.   Total Energy  Conserved En.    Temperature Pres. DC (bar)
    2.98719e+04   -1.36303e+05   -7.98297e+04    3.01622e+02   -1.97669e+02
 Pressure (bar)   Constr. rmsd
   -3.92859e+02    3.43633e-06

           Step           Time
           5600       11.20000

   Energies (kJ/mol)
           Bond          Angle Ryckaert-Bell.          LJ-14     Coulomb-14
    1.25853e+02    1.27691e+03    1.94682e+02   -1.31482e-01    0.00000e+00
        LJ (SR)  Disper. corr.   Coulomb (SR)   Coul. recip.      Potential
    3.09589e+04   -1.45590e+03   -1.98367e+05    1.00036e+03   -1.66267e+05
    Kinetic En.   Total Energy  Conserved En.    Temperature Pres. DC (bar)
    2.96615e+04   -1.36605e+05   -7.97812e+04    2.99497e+02   -2.03337e+02
 Pressure (bar)   Constr. rmsd
    2.02658e+02    3.05736e-06

           Step           Time
           5700       11.40000

   Energies (kJ/mol)
           Bond          Angle Ryckaert-Bell.          LJ-14     Coulomb-14
    1.43156e+02    1.31712e+03    2.20956e+02   -3.10054e+00    0.00000e+00
        LJ (SR)  Disper. corr.   Coulomb (SR)   Coul. recip.      Potential
    3.08184e+04   -1.47280e+03   -1.98145e+05    1.01427e+03   -1.66107e+05
    Kinetic En.   Total Energy  Conserved En.    Temperature Pres. DC (bar)
    2.95800e+04   -1.36527e+05   -7.97423e+04    2.98674e+02   -2.08079e+02
 Pressure (bar)   Constr. rmsd
    3.31056e+02    3.52661e-06

           Step           Time
           5800       11.60000

   Energies (kJ/mol)
           Bond          Angle Ryckaert-Bell.          LJ-14     Coulomb-14
    1.44379e+02    1.31489e+03    1.75279e+02   -4.41972e+00    0.00000e+00
        LJ (SR)  Disper. corr.   Coulomb (SR)   Coul. recip.      Potential
    3.08667e+04   -1.48075e+03   -1.98578e+05    9.49534e+02   -1.66613e+05
    Kinetic En.   Total Energy  Conserved En.    Temperature Pres. DC (bar)
    2.95237e+04   -1.37089e+05   -7.97413e+04    2.98106e+02   -2.10329e+02
 Pressure (bar)   Constr. rmsd
    3.23844e+02    3.66230e-06

           Step           Time
           5900       11.80000

   Energies (kJ/mol)
           Bond          Angle Ryckaert-Bell.          LJ-14     Coulomb-14
    1.23780e+02    1.16610e+03    2.22232e+02   -3.68477e-02    0.00000e+00
        LJ (SR)  Disper. corr.   Coulomb (SR)   Coul. recip.      Potential
    3.13401e+04   -1.47920e+03   -1.99765e+05    9.21842e+02   -1.67470e+05
    Kinetic En.   Total Energy  Conserved En.    Temperature Pres. DC (bar)
    2.97128e+04   -1.37758e+05   -7.97556e+04    3.00015e+02   -2.09889e+02
 Pressure (bar)   Constr. rmsd
    3.74744e+02    3.51788e-06

           Step           Time
           6000       12.00000

   Energies (kJ/mol)
           Bond          Angle Ryckaert-Bell.          LJ-14     Coulomb-14
    1.21945e+02    1.26593e+03    1.84009e+02    1.21036e+00    0.00000e+00
        LJ (SR)  Disper. corr.   Coulomb (SR)   Coul. recip.      Potential
    3.13287e+04   -1.46765e+03   -1.99804e+05    9.41934e+02   -1.67428e+05
    Kinetic En.   Total Energy  Conserved En.    Temperature Pres. DC (bar)
    2.97344e+04   -1.37694e+05   -7.97309e+04    3.00233e+02   -2.06627e+02
 Pressure (bar)   Constr. rmsd
    3.16664e+02    3.16722e-06

           Step           Time
           6100       12.20000

   Energies (kJ/mol)
           Bond          Angle Ryckaert-Bell.          LJ-14     Coulomb-14
    1.15290e+02    1.23529e+03    2.10853e+02   -9.02565e-02    0.00000e+00
        LJ (SR)  Disper. corr.   Coulomb (SR)   Coul. recip.      Potential
    3.04870e+04   -1.44961e+03   -1.98242e+05    9.97965e+02   -1.66646e+05
    Kinetic En.   Total Energy  Conserved En.    Temperature Pres. DC (bar)
    2.95945e+04   -1.37051e+05   -7.97057e+04    2.98821e+02   -2.01587e+02
 Pressure (bar)   Constr. rmsd
   -9.76605e+01    3.07348e-06

           Step           Time
           6200       12.40000

   Energies (kJ/mol)
           Bond          Angle Ryckaert-Bell.          LJ-14     Coulomb-14
    1.15236e+02    1.27002e+03    1.80228e+02   -5.78491e+00    0.00000e+00
        LJ (SR)  Disper. corr.   Coulomb (SR)   Coul. recip.      Potential
    3.00108e+04   -1.43633e+03   -1.97300e+05    1.04981e+03   -1.66116e+05
    Kinetic En.   Total Energy  Conserved En.    Temperature Pres. DC (bar)
    2.92901e+04   -1.36826e+05   -7.96827e+04    2.95747e+02   -1.97915e+02
 Pressure (bar)   Constr. rmsd
   -4.88643e+02    3.00900e-06

           Step           Time
           6300       12.60000

   Energies (kJ/mol)
           Bond          Angle Ryckaert-Bell.          LJ-14     Coulomb-14
    1.27889e+02    1.33305e+03    2.01883e+02   -4.51862e+00    0.00000e+00
        LJ (SR)  Disper. corr.   Coulomb (SR)   Coul. recip.      Potential
    2.99595e+04   -1.43549e+03   -1.96251e+05    9.56057e+02   -1.65113e+05
    Kinetic En.   Total Energy  Conserved En.    Temperature Pres. DC (bar)
    2.99019e+04   -1.35211e+05   -7.96850e+04    3.01924e+02   -1.97682e+02
 Pressure (bar)   Constr. rmsd
   -4.10201e+02    3.53656e-06

           Step           Time
           6400       12.80000

   Energies (kJ/mol)
           Bond          Angle Ryckaert-Bell.          LJ-14     Coulomb-14
    1.23688e+02    1.21942e+03    1.90154e+02   -4.17324e+00    0.00000e+00
        LJ (SR)  Disper. corr.   Coulomb (SR)   Coul. recip.      Potential
    3.00317e+04   -1.44385e+03   -1.96981e+05    9.93080e+02   -1.65871e+05
    Kinetic En.   Total Energy  Conserved En.    Temperature Pres. DC (bar)
    3.00476e+04   -1.35824e+05   -7.96952e+04    3.03396e+02   -1.99988e+02
 Pressure (bar)   Constr. rmsd
   -2.45931e+02    3.35262e-06

           Step           Time
           6500       13.00000

   Energies (kJ/mol)
           Bond          Angle Ryckaert-Bell.          LJ-14     Coulomb-14
    1.20939e+02    1.26018e+03    1.46867e+02   -5.17573e+00    0.00000e+00
        LJ (SR)  Disper. corr.   Coulomb (SR)   Coul. recip.      Potential
    3.10068e+04   -1.45708e+03   -1.98058e+05    9.71708e+02   -1.66014e+05
    Kinetic En.   Total Energy  Conserved En.    Temperature Pres. DC (bar)
    3.02453e+04   -1.35768e+05   -7.96745e+04    3.05392e+02   -2.03667e+02
 Pressure (bar)   Constr. rmsd
    2.74313e+02    3.40345e-06

           Step           Time
           6600       13.20000

   Energies (kJ/mol)
           Bond          Angle Ryckaert-Bell.          LJ-14     Coulomb-14
    1.04710e+02    1.32592e+03    1.96013e+02   -4.00075e+00    0.00000e+00
        LJ (SR)  Disper. corr.   Coulomb (SR)   Coul. recip.      Potential
    3.06215e+04   -1.46849e+03   -1.97579e+05    9.90890e+02   -1.65813e+05
    Kinetic En.   Total Energy  Conserved En.    Temperature Pres. DC (bar)
    3.01638e+04   -1.35649e+05   -7.96494e+04    3.04569e+02   -2.06865e+02
 Pressure (bar)   Constr. rmsd
    2.44842e+02    3.46338e-06

           Step           Time
           6700       13.40000

   Energies (kJ/mol)
           Bond          Angle Ryckaert-Bell.          LJ-14     Coulomb-14
    1.35780e+02    1.21496e+03    2.16372e+02    1.16705e+00    0.00000e+00
        LJ (SR)  Disper. corr.   Coulomb (SR)   Coul. recip.      Potential
    3.15797e+04   -1.47597e+03   -1.98563e+05    1.01067e+03   -1.65880e+05
    Kinetic En.   Total Energy  Conserved En.    Temperature Pres. DC (bar)
    3.01763e+04   -1.35704e+05   -7.96548e+04    3.04695e+02   -2.08976e+02
 Pressure (bar)   Constr. rmsd
    7.11894e+02    3.46708e-06

           Step           Time
           6800       13.60000

   Energies (kJ/mol)
           Bond          Angle Ryckaert-Bell.          LJ-14     Coulomb-14
    1.03324e+02    1.27675e+03    1.59419e+02   -1.29257e+00    0.00000e+00
        LJ (SR)  Disper. corr.   Coulomb (SR)   Coul. recip.      Potential
    3.04459e+04   -1.47037e+03   -1.97417e+05    9.78452e+02   -1.65925e+05
    Kinetic En.   Total Energy  Conserved En.    Temperature Pres. DC (bar)
    3.00528e+04   -1.35872e+05   -7.96575e+04    3.03448e+02   -2.07393e+02
 Pressure (bar)   Constr. rmsd
    2.07030e+02    3.52762e-06

           Step           Time
           6900       13.80000

   Energies (kJ/mol)
           Bond          Angle Ryckaert-Bell.          LJ-14     Coulomb-14
    1.34348e+02    1.31363e+03    2.03673e+02    8.98696e-01    0.00000e+00
        LJ (SR)  Disper. corr.   Coulomb (SR)   Coul. recip.      Potential
    2.99638e+04   -1.46044e+03   -1.96836e+05    1.02004e+03   -1.65660e+05
    Kinetic En.   Total Energy  Conserved En.    Temperature Pres. DC (bar)
    2.96744e+04   -1.35985e+05   -7.96385e+04    2.99627e+02   -2.04607e+02
 Pressure (bar)   Constr. rmsd
   -1.21089e+02    3.36040e-06

           Step           Time
           7000       14.00000

   Energies (kJ/mol)
           Bond          Angle Ryckaert-Bell.          LJ-14     Coulomb-14
    9.76343e+01    1.34786e+03    1.61625e+02   -3.63610e+00    0.00000e+00
        LJ (SR)  Disper. corr.   Coulomb (SR)   Coul. recip.      Potential
    2.99294e+04   -1.45334e+03   -1.96756e+05    9.65735e+02   -1.65711e+05
    Kinetic En.   Total Energy  Conserved En.    Temperature Pres. DC (bar)
    2.90155e+04   -1.36695e+05   -7.96311e+04    2.92974e+02   -2.02623e+02
 Pressure (bar)   Constr. rmsd
   -2.67697e+02    2.99693e-06

           Step           Time
           7100       14.20000

   Energies (kJ/mol)
           Bond          Angle Ryckaert-Bell.          LJ-14     Coulomb-14
    1.49536e+02    1.28080e+03    1.73183e+02   -1.48987e+00    0.00000e+00
        LJ (SR)  Disper. corr.   Coulomb (SR)   Coul. recip.      Potential
    3.03447e+04   -1.45260e+03   -1.97343e+05    1.02040e+03   -1.65829e+05
    Kinetic En.   Total Energy  Conserved En.    Temperature Pres. DC (bar)
    2.94086e+04   -1.36420e+05   -7.96325e+04    2.96943e+02   -2.02418e+02
 Pressure (bar)   Constr. rmsd
   -1.81454e+02    3.35733e-06

           Step           Time
           7200       14.40000

   Energies (kJ/mol)
           Bond          Angle Ryckaert-Bell.          LJ-14     Coulomb-14
    1.00866e+02    1.30738e+03    1.79168e+02   -2.39163e+00    0.00000e+00
        LJ (SR)  Disper. corr.   Coulomb (SR)   Coul. recip.      Potential
    3.16126e+04   -1.45825e+03   -1.98846e+05    1.03718e+03   -1.66069e+05
    Kinetic En.   Total Energy  Conserved En.    Temperature Pres. DC (bar)
    3.00542e+04   -1.36015e+05   -7.96361e+04    3.03462e+02   -2.03994e+02
 Pressure (bar)   Constr. rmsd
    6.28224e+02    3.55274e-06

           Step           Time
           7300       14.60000

   Energies (kJ/mol)
           Bond          Angle Ryckaert-Bell.          LJ-14     Coulomb-14
    1.29209e+02    1.31300e+03    2.11456e+02    8.99511e-01    0.00000e+00
        LJ (SR)  Disper. corr.   Coulomb (SR)   Coul. recip.      Potential
    3.07844e+04   -1.45813e+03   -1.98220e+05    1.00612e+03   -1.66233e+05
    Kinetic En.   Total Energy  Conserved En.    Temperature Pres. DC (bar)
    3.02468e+04   -1.35986e+05   -7.96489e+04    3.05407e+02   -2.03959e+02
 Pressure (bar)   Constr. rmsd
    1.61182e+02    3.11498e-06

           Step           Time
           7400       14.80000

   Energies (kJ/mol)
           Bond          Angle Ryckaert-Bell.          LJ-14     Coulomb-14
    1.21566e+02    1.31835e+03    2.05249e+02    1.04721e+00    0.00000e+00
        LJ (SR)  Disper. corr.   Coulomb (SR)   Coul. recip.      Potential
    2.97848e+04   -1.45579e+03   -1.96986e+05    1.02373e+03   -1.65987e+05
    Kinetic En.   Total Energy  Conserved En.    Temperature Pres. DC (bar)
    2.96014e+04   -1.36386e+05   -7.96386e+04    2.98890e+02   -2.03307e+02
 Pressure (bar)   Constr. rmsd
   -4.02855e+02    2.97386e-06

           Step           Time
           7500       15.00000

   Energies (kJ/mol)
           Bond          Angle Ryckaert-Bell.          LJ-14     Coulomb-14
    1.25010e+02    1.31199e+03    2.09063e+02    1.17824e+00    0.00000e+00
        LJ (SR)  Disper. corr.   Coulomb (SR)   Coul. recip.      Potential
    2.97338e+04   -1.45969e+03   -1.97183e+05    1.03906e+03   -1.66222e+05
    Kinetic En.   Total Energy  Conserved En.    Temperature Pres. DC (bar)
    3.01613e+04   -1.36061e+05   -7.96517e+04    3.04543e+02   -2.04396e+02
 Pressure (bar)   Constr. rmsd
   -4.63616e+02    3.16855e-06

           Step           Time
           7600       15.20000

   Energies (kJ/mol)
           Bond          Angle Ryckaert-Bell.          LJ-14     Coulomb-14
    1.20282e+02    1.30325e+03    2.12015e+02   -4.64899e-01    0.00000e+00
        LJ (SR)  Disper. corr.   Coulomb (SR)   Coul. recip.      Potential
    3.03883e+04   -1.47223e+03   -1.97340e+05    9.50785e+02   -1.65838e+05
    Kinetic En.   Total Energy  Conserved En.    Temperature Pres. DC (bar)
    2.92329e+04   -1.36605e+05   -7.96277e+04    2.95169e+02   -2.07918e+02
 Pressure (bar)   Constr. rmsd
    1.17761e+02    3.09408e-06

           Step           Time
           7700       15.40000

   Energies (kJ/mol)
           Bond          Angle Ryckaert-Bell.          LJ-14     Coulomb-14
    1.24891e+02    1.33608e+03    2.01707e+02    1.52597e+00    0.00000e+00
        LJ (SR)  Disper. corr.   Coulomb (SR)   Coul. recip.      Potential
    3.07974e+04   -1.48345e+03   -1.98438e+05    9.75348e+02   -1.66484e+05
    Kinetic En.   Total Energy  Conserved En.    Temperature Pres. DC (bar)
    2.96471e+04   -1.36837e+05   -7.96028e+04    2.99351e+02   -2.11098e+02
 Pressure (bar)   Constr. rmsd
    4.21329e+02    3.28260e-06

           Step           Time
           7800       15.60000

   Energies (kJ/mol)
           Bond          Angle Ryckaert-Bell.          LJ-14     Coulomb-14
    1.22088e+02    1.27610e+03    1.95385e+02   -2.23991e+00    0.00000e+00
        LJ (SR)  Disper. corr.   Coulomb (SR)   Coul. recip.      Potential
    3.13824e+04   -1.48590e+03   -1.99487e+05    9.44568e+02   -1.67055e+05
    Kinetic En.   Total Energy  Conserved En.    Temperature Pres. DC (bar)
    2.98807e+04   -1.37174e+05   -7.96049e+04    3.01711e+02   -2.11794e+02
 Pressure (bar)   Constr. rmsd
    6.50821e+02    3.16312e-06

           Step           Time
           7900       15.80000

   Energies (kJ/mol)
           Bond          Angle Ryckaert-Bell.          LJ-14     Coulomb-14
    1.20450e+02    1.35671e+03    2.28474e+02    1.48353e+00    0.00000e+00
        LJ (SR)  Disper. corr.   Coulomb (SR)   Coul. recip.      Potential
    3.05276e+04   -1.47565e+03   -1.98280e+05    9.88830e+02   -1.66532e+05
    Kinetic En.   Total Energy  Conserved En.    Temperature Pres. DC (bar)
    2.96632e+04   -1.36869e+05   -7.96012e+04    2.99514e+02   -2.08884e+02
 Pressure (bar)   Constr. rmsd
    7.63339e+01    3.18064e-06

           Step           Time
           8000       16.00000

   Energies (kJ/mol)
           Bond          Angle Ryckaert-Bell.          LJ-14     Coulomb-14
    1.24464e+02    1.37134e+03    1.95239e+02    1.44964e+00    0.00000e+00
        LJ (SR)  Disper. corr.   Coulomb (SR)   Coul. recip.      Potential
    2.95822e+04   -1.46137e+03   -1.96811e+05    9.80775e+02   -1.66017e+05
    Kinetic En.   Total Energy  Conserved En.    Temperature Pres. DC (bar)
    2.95345e+04   -1.36482e+05   -7.95875e+04    2.98215e+02   -2.04867e+02
 Pressure (bar)   Constr. rmsd
   -4.68239e+02    3.28552e-06

           Step           Time
           8100       16.20000

   Energies (kJ/mol)
           Bond          Angle Ryckaert-Bell.          LJ-14     Coulomb-14
    1.37510e+02    1.27599e+03    2.00268e+02    5.28294e+00    0.00000e+00
        LJ (SR)  Disper. corr.   Coulomb (SR)   Coul. recip.      Potential
    3.02479e+04   -1.45269e+03   -1.97511e+05    9.29894e+02   -1.66166e+05
    Kinetic En.   Total Energy  Conserved En.    Temperature Pres. DC (bar)
    2.97048e+04   -1.36462e+05   -7.95888e+04    2.99934e+02   -2.02443e+02
 Pressure (bar)   Constr. rmsd
   -1.50997e+02    3.45544e-06

           Step           Time
           8200       16.40000

   Energies (kJ/mol)
           Bond          Angle Ryckaert-Bell.          LJ-14     Coulomb-14
    1.29037e+02    1.26748e+03    2.13810e+02    2.89168e+00    0.00000e+00
        LJ (SR)  Disper. corr.   Coulomb (SR)   Coul. recip.      Potential
    2.99703e+04   -1.44842e+03   -1.97230e+05    9.73663e+02   -1.66121e+05
    Kinetic En.   Total Energy  Conserved En.    Temperature Pres. DC (bar)
    3.02110e+04   -1.35910e+05   -7.95916e+04    3.05045e+02   -2.01256e+02
 Pressure (bar)   Constr. rmsd
   -2.55291e+02    3.31698e-06

           Step           Time
           8300       16.60000

   Energies (kJ/mol)
           Bond          Angle Ryckaert-Bell.          LJ-14     Coulomb-14
    1.56394e+02    1.29857e+03    1.97011e+02    1.88409e-01    0.00000e+00
        LJ (SR)  Disper. corr.   Coulomb (SR)   Coul. recip.      Potential
    2.93050e+04   -1.45120e+03   -1.96189e+05    1.01493e+03   -1.65668e+05
    Kinetic En.   Total Energy  Conserved En.    Temperature Pres. DC (bar)
    3.00673e+04   -1.35601e+05   -7.95887e+04    3.03595e+02   -2.02028e+02
 Pressure (bar)   Constr. rmsd
   -5.70310e+02    3.50284e-06

Writing checkpoint, step 8350 at Mon Dec 16 20:39:38 2024


           Step           Time
           8400       16.80000

   Energies (kJ/mol)
           Bond          Angle Ryckaert-Bell.          LJ-14     Coulomb-14
    1.18879e+02    1.25180e+03    2.03052e+02   -8.74207e-01    0.00000e+00
        LJ (SR)  Disper. corr.   Coulomb (SR)   Coul. recip.      Potential
    3.08038e+04   -1.46508e+03   -1.97969e+05    9.53723e+02   -1.66104e+05
    Kinetic En.   Total Energy  Conserved En.    Temperature Pres. DC (bar)
    2.98173e+04   -1.36287e+05   -7.95712e+04    3.01070e+02   -2.05906e+02
 Pressure (bar)   Constr. rmsd
    1.71081e+02    3.55867e-06

           Step           Time
           8500       17.00000

   Energies (kJ/mol)
           Bond          Angle Ryckaert-Bell.          LJ-14     Coulomb-14
    1.54412e+02    1.30316e+03    2.43209e+02    2.89437e-01    0.00000e+00
        LJ (SR)  Disper. corr.   Coulomb (SR)   Coul. recip.      Potential
    3.14423e+04   -1.47694e+03   -1.99058e+05    9.92798e+02   -1.66399e+05
    Kinetic En.   Total Energy  Conserved En.    Temperature Pres. DC (bar)
    3.01242e+04   -1.36275e+05   -7.95509e+04    3.04169e+02   -2.09250e+02
 Pressure (bar)   Constr. rmsd
    5.90671e+02    3.52149e-06

           Step           Time
           8600       17.20000

   Energies (kJ/mol)
           Bond          Angle Ryckaert-Bell.          LJ-14     Coulomb-14
    1.34091e+02    1.34137e+03    2.35283e+02    4.20134e+00    0.00000e+00
        LJ (SR)  Disper. corr.   Coulomb (SR)   Coul. recip.      Potential
    3.07703e+04   -1.47537e+03   -1.98259e+05    1.01441e+03   -1.66235e+05
    Kinetic En.   Total Energy  Conserved En.    Temperature Pres. DC (bar)
    2.99105e+04   -1.36324e+05   -7.95690e+04    3.02011e+02   -2.08805e+02
 Pressure (bar)   Constr. rmsd
    2.94748e+02    3.22999e-06

           Step           Time
           8700       17.40000

   Energies (kJ/mol)
           Bond          Angle Ryckaert-Bell.          LJ-14     Coulomb-14
    1.37887e+02    1.32910e+03    2.11653e+02    3.09301e+00    0.00000e+00
        LJ (SR)  Disper. corr.   Coulomb (SR)   Coul. recip.      Potential
    2.98178e+04   -1.46430e+03   -1.96705e+05    1.01992e+03   -1.65650e+05
    Kinetic En.   Total Energy  Conserved En.    Temperature Pres. DC (bar)
    3.00355e+04   -1.35614e+05   -7.95557e+04    3.03273e+02   -2.05688e+02
 Pressure (bar)   Constr. rmsd
   -9.84801e+01    3.50956e-06

           Step           Time
           8800       17.60000

   Energies (kJ/mol)
           Bond          Angle Ryckaert-Bell.          LJ-14     Coulomb-14
    1.43170e+02    1.34965e+03    2.16806e+02    2.81255e+00    0.00000e+00
        LJ (SR)  Disper. corr.   Coulomb (SR)   Coul. recip.      Potential
    3.00063e+04   -1.45189e+03   -1.97344e+05    1.01385e+03   -1.66063e+05
    Kinetic En.   Total Energy  Conserved En.    Temperature Pres. DC (bar)
    2.95959e+04   -1.36468e+05   -7.95312e+04    2.98835e+02   -2.02221e+02
 Pressure (bar)   Constr. rmsd
   -4.47155e+02    3.22833e-06

           Step           Time
           8900       17.80000

   Energies (kJ/mol)
           Bond          Angle Ryckaert-Bell.          LJ-14     Coulomb-14
    1.20521e+02    1.37223e+03    2.04639e+02    1.86200e+00    0.00000e+00
        LJ (SR)  Disper. corr.   Coulomb (SR)   Coul. recip.      Potential
    3.01222e+04   -1.44671e+03   -1.97733e+05    1.02650e+03   -1.66332e+05
    Kinetic En.   Total Energy  Conserved En.    Temperature Pres. DC (bar)
    2.95112e+04   -1.36821e+05   -7.95381e+04    2.97979e+02   -2.00781e+02
 Pressure (bar)   Constr. rmsd
   -4.48192e+02    3.17266e-06

           Step           Time
           9000       18.00000

   Energies (kJ/mol)
           Bond          Angle Ryckaert-Bell.          LJ-14     Coulomb-14
    1.50830e+02    1.29991e+03    2.35604e+02    2.93101e+00    0.00000e+00
        LJ (SR)  Disper. corr.   Coulomb (SR)   Coul. recip.      Potential
    3.00813e+04   -1.45335e+03   -1.97762e+05    9.60950e+02   -1.66484e+05
    Kinetic En.   Total Energy  Conserved En.    Temperature Pres. DC (bar)
    2.95721e+04   -1.36912e+05   -7.95378e+04    2.98594e+02   -2.02626e+02
 Pressure (bar)   Constr. rmsd
   -2.96859e+02    3.18043e-06

           Step           Time
           9100       18.20000

   Energies (kJ/mol)
           Bond          Angle Ryckaert-Bell.          LJ-14     Coulomb-14
    1.20150e+02    1.31544e+03    1.91784e+02    3.54850e+00    0.00000e+00
        LJ (SR)  Disper. corr.   Coulomb (SR)   Coul. recip.      Potential
    3.13133e+04   -1.46916e+03   -1.99367e+05    9.75465e+02   -1.66916e+05
    Kinetic En.   Total Energy  Conserved En.    Temperature Pres. DC (bar)
    3.01877e+04   -1.36728e+05   -7.95112e+04    3.04810e+02   -2.07055e+02
 Pressure (bar)   Constr. rmsd
    3.48330e+02    3.57990e-06

           Step           Time
           9200       18.40000

   Energies (kJ/mol)
           Bond          Angle Ryckaert-Bell.          LJ-14     Coulomb-14
    1.24105e+02    1.33595e+03    1.98980e+02    1.49728e+00    0.00000e+00
        LJ (SR)  Disper. corr.   Coulomb (SR)   Coul. recip.      Potential
    3.17955e+04   -1.47800e+03   -1.99774e+05    9.30715e+02   -1.66865e+05
    Kinetic En.   Total Energy  Conserved En.    Temperature Pres. DC (bar)
    3.01726e+04   -1.36692e+05   -7.95068e+04    3.04658e+02   -2.09549e+02
 Pressure (bar)   Constr. rmsd
    7.31028e+02    3.30775e-06

           Step           Time
           9300       18.60000

   Energies (kJ/mol)
           Bond          Angle Ryckaert-Bell.          LJ-14     Coulomb-14
    1.12543e+02    1.32964e+03    2.00124e+02   -1.50510e+00    0.00000e+00
        LJ (SR)  Disper. corr.   Coulomb (SR)   Coul. recip.      Potential
    2.99973e+04   -1.47112e+03   -1.97583e+05    1.02585e+03   -1.66390e+05
    Kinetic En.   Total Energy  Conserved En.    Temperature Pres. DC (bar)
    2.92199e+04   -1.37170e+05   -7.95128e+04    2.95038e+02   -2.07605e+02
 Pressure (bar)   Constr. rmsd
   -1.40206e+02    3.22246e-06

           Step           Time
           9400       18.80000

   Energies (kJ/mol)
           Bond          Angle Ryckaert-Bell.          LJ-14     Coulomb-14
    1.36973e+02    1.35827e+03    1.67816e+02    2.18522e+00    0.00000e+00
        LJ (SR)  Disper. corr.   Coulomb (SR)   Coul. recip.      Potential
    3.00513e+04   -1.46457e+03   -1.97506e+05    9.88883e+02   -1.66265e+05
    Kinetic En.   Total Energy  Conserved En.    Temperature Pres. DC (bar)
    2.97638e+04   -1.36501e+05   -7.95053e+04    3.00530e+02   -2.05764e+02
 Pressure (bar)   Constr. rmsd
   -1.20403e+02    3.47682e-06

           Step           Time
           9500       19.00000

   Energies (kJ/mol)
           Bond          Angle Ryckaert-Bell.          LJ-14     Coulomb-14
    1.32654e+02    1.32550e+03    1.47201e+02    7.92533e-01    0.00000e+00
        LJ (SR)  Disper. corr.   Coulomb (SR)   Coul. recip.      Potential
    3.04241e+04   -1.45968e+03   -1.98606e+05    9.92558e+02   -1.67043e+05
    Kinetic En.   Total Energy  Conserved En.    Temperature Pres. DC (bar)
    3.00137e+04   -1.37029e+05   -7.95129e+04    3.03053e+02   -2.04393e+02
 Pressure (bar)   Constr. rmsd
   -1.18052e+02    3.49933e-06

           Step           Time
           9600       19.20000

   Energies (kJ/mol)
           Bond          Angle Ryckaert-Bell.          LJ-14     Coulomb-14
    1.27357e+02    1.32717e+03    1.86067e+02   -3.08460e+00    0.00000e+00
        LJ (SR)  Disper. corr.   Coulomb (SR)   Coul. recip.      Potential
    3.05284e+04   -1.45699e+03   -1.97812e+05    9.78925e+02   -1.66124e+05
    Kinetic En.   Total Energy  Conserved En.    Temperature Pres. DC (bar)
    3.01129e+04   -1.36011e+05   -7.95090e+04    3.04055e+02   -2.03642e+02
 Pressure (bar)   Constr. rmsd
    9.73277e+00    3.65501e-06

           Step           Time
           9700       19.40000

   Energies (kJ/mol)
           Bond          Angle Ryckaert-Bell.          LJ-14     Coulomb-14
    1.45523e+02    1.32052e+03    2.14682e+02   -5.19361e+00    0.00000e+00
        LJ (SR)  Disper. corr.   Coulomb (SR)   Coul. recip.      Potential
    3.01128e+04   -1.45590e+03   -1.96939e+05    9.86068e+02   -1.65621e+05
    Kinetic En.   Total Energy  Conserved En.    Temperature Pres. DC (bar)
    2.98774e+04   -1.35743e+05   -7.95095e+04    3.01677e+02   -2.03336e+02
 Pressure (bar)   Constr. rmsd
   -1.55412e+02    3.66277e-06

           Step           Time
           9800       19.60000

   Energies (kJ/mol)
           Bond          Angle Ryckaert-Bell.          LJ-14     Coulomb-14
    1.20261e+02    1.30552e+03    2.09714e+02    4.78674e-01    0.00000e+00
        LJ (SR)  Disper. corr.   Coulomb (SR)   Coul. recip.      Potential
    3.06002e+04   -1.45743e+03   -1.98039e+05    9.71128e+02   -1.66289e+05
    Kinetic En.   Total Energy  Conserved En.    Temperature Pres. DC (bar)
    2.97681e+04   -1.36521e+05   -7.95084e+04    3.00573e+02   -2.03766e+02
 Pressure (bar)   Constr. rmsd
   -6.81869e+01    3.26324e-06

           Step           Time
           9900       19.80000

   Energies (kJ/mol)
           Bond          Angle Ryckaert-Bell.          LJ-14     Coulomb-14
    1.45681e+02    1.34830e+03    1.79927e+02    1.07281e+00    0.00000e+00
        LJ (SR)  Disper. corr.   Coulomb (SR)   Coul. recip.      Potential
    3.09817e+04   -1.45738e+03   -1.98770e+05    9.95373e+02   -1.66575e+05
    Kinetic En.   Total Energy  Conserved En.    Temperature Pres. DC (bar)
    2.99078e+04   -1.36668e+05   -7.95042e+04    3.01984e+02   -2.03751e+02
 Pressure (bar)   Constr. rmsd
    1.79261e+02    3.41884e-06

           Step           Time
          10000       20.00000

   Energies (kJ/mol)
           Bond          Angle Ryckaert-Bell.          LJ-14     Coulomb-14
    1.06297e+02    1.35593e+03    2.03671e+02    7.37292e+00    0.00000e+00
        LJ (SR)  Disper. corr.   Coulomb (SR)   Coul. recip.      Potential
    3.04954e+04   -1.45280e+03   -1.97965e+05    9.72394e+02   -1.66277e+05
    Kinetic En.   Total Energy  Conserved En.    Temperature Pres. DC (bar)
    2.93758e+04   -1.36901e+05   -7.94986e+04    2.96612e+02   -2.02472e+02
 Pressure (bar)   Constr. rmsd
   -2.23210e+01    3.35551e-06

           Step           Time
          10100       20.20000

   Energies (kJ/mol)
           Bond          Angle Ryckaert-Bell.          LJ-14     Coulomb-14
    1.58885e+02    1.33235e+03    2.06789e+02   -1.77394e+00    0.00000e+00
        LJ (SR)  Disper. corr.   Coulomb (SR)   Coul. recip.      Potential
    3.07268e+04   -1.44920e+03   -1.98754e+05    9.42743e+02   -1.66837e+05
    Kinetic En.   Total Energy  Conserved En.    Temperature Pres. DC (bar)
    2.96898e+04   -1.37147e+05   -7.95086e+04    2.99782e+02   -2.01473e+02
 Pressure (bar)   Constr. rmsd
   -2.38114e+02    3.31657e-06

           Step           Time
          10200       20.40000

   Energies (kJ/mol)
           Bond          Angle Ryckaert-Bell.          LJ-14     Coulomb-14
    1.12357e+02    1.35616e+03    2.00309e+02   -5.15040e+00    0.00000e+00
        LJ (SR)  Disper. corr.   Coulomb (SR)   Coul. recip.      Potential
    3.00124e+04   -1.45053e+03   -1.97732e+05    9.71241e+02   -1.66535e+05
    Kinetic En.   Total Energy  Conserved En.    Temperature Pres. DC (bar)
    2.98199e+04   -1.36715e+05   -7.95032e+04    3.01097e+02   -2.01842e+02
 Pressure (bar)   Constr. rmsd
   -5.23033e+02    3.61626e-06

           Step           Time
          10300       20.60000

   Energies (kJ/mol)
           Bond          Angle Ryckaert-Bell.          LJ-14     Coulomb-14
    1.36821e+02    1.37791e+03    2.13410e+02    5.60805e+00    0.00000e+00
        LJ (SR)  Disper. corr.   Coulomb (SR)   Coul. recip.      Potential
    3.08244e+04   -1.46173e+03   -1.98611e+05    9.63260e+02   -1.66551e+05
    Kinetic En.   Total Energy  Conserved En.    Temperature Pres. DC (bar)
    2.97066e+04   -1.36845e+05   -7.94904e+04    2.99953e+02   -2.04966e+02
 Pressure (bar)   Constr. rmsd
    8.15565e+01    3.43628e-06

           Step           Time
          10400       20.80000

   Energies (kJ/mol)
           Bond          Angle Ryckaert-Bell.          LJ-14     Coulomb-14
    1.26214e+02    1.27361e+03    2.00610e+02    1.32536e+00    0.00000e+00
        LJ (SR)  Disper. corr.   Coulomb (SR)   Coul. recip.      Potential
    3.20990e+04   -1.47383e+03   -2.01200e+05    9.35478e+02   -1.68038e+05
    Kinetic En.   Total Energy  Conserved En.    Temperature Pres. DC (bar)
    3.03755e+04   -1.37662e+05   -7.94849e+04    3.06706e+02   -2.08370e+02
 Pressure (bar)   Constr. rmsd
    6.27388e+02    3.46418e-06

           Step           Time
          10500       21.00000

   Energies (kJ/mol)
           Bond          Angle Ryckaert-Bell.          LJ-14     Coulomb-14
    1.29946e+02    1.27217e+03    1.65363e+02   -6.88948e+00    0.00000e+00
        LJ (SR)  Disper. corr.   Coulomb (SR)   Coul. recip.      Potential
    3.15291e+04   -1.47661e+03   -2.00732e+05    9.69043e+02   -1.68150e+05
    Kinetic En.   Total Energy  Conserved En.    Temperature Pres. DC (bar)
    2.99350e+04   -1.38215e+05   -7.94887e+04    3.02259e+02   -2.09157e+02
 Pressure (bar)   Constr. rmsd
    2.95462e+02    3.33902e-06

           Step           Time
          10600       21.20000

   Energies (kJ/mol)
           Bond          Angle Ryckaert-Bell.          LJ-14     Coulomb-14
    1.23557e+02    1.38994e+03    1.99496e+02   -5.78336e+00    0.00000e+00
        LJ (SR)  Disper. corr.   Coulomb (SR)   Coul. recip.      Potential
    3.11369e+04   -1.47111e+03   -1.99496e+05    9.87909e+02   -1.67135e+05
    Kinetic En.   Total Energy  Conserved En.    Temperature Pres. DC (bar)
    2.94107e+04   -1.37724e+05   -7.94687e+04    2.96965e+02   -2.07604e+02
 Pressure (bar)   Constr. rmsd
    1.19148e+02    3.16654e-06

           Step           Time
          10700       21.40000

   Energies (kJ/mol)
           Bond          Angle Ryckaert-Bell.          LJ-14     Coulomb-14
    1.37042e+02    1.32138e+03    1.64512e+02    9.98786e-01    0.00000e+00
        LJ (SR)  Disper. corr.   Coulomb (SR)   Coul. recip.      Potential
    3.03705e+04   -1.45921e+03   -1.98079e+05    9.52652e+02   -1.66591e+05
    Kinetic En.   Total Energy  Conserved En.    Temperature Pres. DC (bar)
    2.96056e+04   -1.36986e+05   -7.94626e+04    2.98932e+02   -2.04261e+02
 Pressure (bar)   Constr. rmsd
   -1.24079e+02    3.39223e-06

           Step           Time
          10800       21.60000

   Energies (kJ/mol)
           Bond          Angle Ryckaert-Bell.          LJ-14     Coulomb-14
    1.34352e+02    1.36262e+03    2.00185e+02    2.93821e+00    0.00000e+00
        LJ (SR)  Disper. corr.   Coulomb (SR)   Coul. recip.      Potential
    3.04604e+04   -1.44905e+03   -1.98138e+05    1.00754e+03   -1.66419e+05
    Kinetic En.   Total Energy  Conserved En.    Temperature Pres. DC (bar)
    2.94427e+04   -1.36977e+05   -7.94541e+04    2.97288e+02   -2.01430e+02
 Pressure (bar)   Constr. rmsd
   -1.70055e+02    3.24718e-06

           Step           Time
          10900       21.80000

   Energies (kJ/mol)
           Bond          Angle Ryckaert-Bell.          LJ-14     Coulomb-14
    1.43691e+02    1.34509e+03    1.70546e+02   -6.40898e+00    0.00000e+00
        LJ (SR)  Disper. corr.   Coulomb (SR)   Coul. recip.      Potential
    3.05052e+04   -1.44432e+03   -1.98224e+05    9.57600e+02   -1.66553e+05
    Kinetic En.   Total Energy  Conserved En.    Temperature Pres. DC (bar)
    2.95991e+04   -1.36953e+05   -7.94539e+04    2.98866e+02   -2.00120e+02
 Pressure (bar)   Constr. rmsd
   -3.64272e+02    3.14356e-06

           Step           Time
          11000       22.00000

   Energies (kJ/mol)
           Bond          Angle Ryckaert-Bell.          LJ-14     Coulomb-14
    1.43406e+02    1.39177e+03    1.78805e+02   -2.24998e+00    0.00000e+00
        LJ (SR)  Disper. corr.   Coulomb (SR)   Coul. recip.      Potential
    3.03230e+04   -1.44612e+03   -1.97819e+05    9.61168e+02   -1.66269e+05
    Kinetic En.   Total Energy  Conserved En.    Temperature Pres. DC (bar)
    2.97122e+04   -1.36557e+05   -7.94518e+04    3.00009e+02   -2.00619e+02
 Pressure (bar)   Constr. rmsd
   -2.38832e+02    2.92226e-06

           Step           Time
          11100       22.20000

   Energies (kJ/mol)
           Bond          Angle Ryckaert-Bell.          LJ-14     Coulomb-14
    1.35428e+02    1.40813e+03    1.76106e+02    1.31881e+00    0.00000e+00
        LJ (SR)  Disper. corr.   Coulomb (SR)   Coul. recip.      Potential
    3.06644e+04   -1.45241e+03   -1.98135e+05    1.00119e+03   -1.66201e+05
    Kinetic En.   Total Energy  Conserved En.    Temperature Pres. DC (bar)
    2.97750e+04   -1.36426e+05   -7.94491e+04    3.00643e+02   -2.02364e+02
 Pressure (bar)   Constr. rmsd
    2.80771e+01    3.37523e-06

           Step           Time
          11200       22.40000

   Energies (kJ/mol)
           Bond          Angle Ryckaert-Bell.          LJ-14     Coulomb-14
    1.31892e+02    1.36921e+03    2.02040e+02    6.40019e-01    0.00000e+00
        LJ (SR)  Disper. corr.   Coulomb (SR)   Coul. recip.      Potential
    3.10895e+04   -1.46017e+03   -1.99324e+05    9.82490e+02   -1.67008e+05
    Kinetic En.   Total Energy  Conserved En.    Temperature Pres. DC (bar)
    2.97956e+04   -1.37213e+05   -7.94419e+04    3.00851e+02   -2.04530e+02
 Pressure (bar)   Constr. rmsd
    8.50487e+01    3.34899e-06

           Step           Time
          11300       22.60000

   Energies (kJ/mol)
           Bond          Angle Ryckaert-Bell.          LJ-14     Coulomb-14
    1.30558e+02    1.42639e+03    2.00668e+02   -7.57151e-01    0.00000e+00
        LJ (SR)  Disper. corr.   Coulomb (SR)   Coul. recip.      Potential
    3.11440e+04   -1.46871e+03   -1.99845e+05    9.97066e+02   -1.67416e+05
    Kinetic En.   Total Energy  Conserved En.    Temperature Pres. DC (bar)
    2.96086e+04   -1.37807e+05   -7.94260e+04    2.98963e+02   -2.06926e+02
 Pressure (bar)   Constr. rmsd
    5.79545e+01    3.30048e-06

           Step           Time
          11400       22.80000

   Energies (kJ/mol)
           Bond          Angle Ryckaert-Bell.          LJ-14     Coulomb-14
    1.22778e+02    1.37776e+03    1.84856e+02    9.48811e-01    0.00000e+00
        LJ (SR)  Disper. corr.   Coulomb (SR)   Coul. recip.      Potential
    3.15473e+04   -1.47522e+03   -2.00354e+05    9.61785e+02   -1.67634e+05
    Kinetic En.   Total Energy  Conserved En.    Temperature Pres. DC (bar)
    2.97968e+04   -1.37837e+05   -7.94277e+04    3.00863e+02   -2.08762e+02
 Pressure (bar)   Constr. rmsd
    4.19019e+02    3.54855e-06

           Step           Time
          11500       23.00000

   Energies (kJ/mol)
           Bond          Angle Ryckaert-Bell.          LJ-14     Coulomb-14
    1.21347e+02    1.36264e+03    1.88901e+02    6.40840e+00    0.00000e+00
        LJ (SR)  Disper. corr.   Coulomb (SR)   Coul. recip.      Potential
    3.08407e+04   -1.47088e+03   -1.98777e+05    9.20914e+02   -1.66807e+05
    Kinetic En.   Total Energy  Conserved En.    Temperature Pres. DC (bar)
    2.98205e+04   -1.36986e+05   -7.94483e+04    3.01102e+02   -2.07539e+02
 Pressure (bar)   Constr. rmsd
    2.68898e+02    3.94750e-06

           Step           Time
          11600       23.20000

   Energies (kJ/mol)
           Bond          Angle Ryckaert-Bell.          LJ-14     Coulomb-14
    1.33767e+02    1.41706e+03    1.90085e+02    3.00584e+00    0.00000e+00
        LJ (SR)  Disper. corr.   Coulomb (SR)   Coul. recip.      Potential
    3.08968e+04   -1.45842e+03   -1.98544e+05    9.87698e+02   -1.66374e+05
    Kinetic En.   Total Energy  Conserved En.    Temperature Pres. DC (bar)
    2.95164e+04   -1.36858e+05   -7.94177e+04    2.98032e+02   -2.04040e+02
 Pressure (bar)   Constr. rmsd
    1.03727e+02    3.58144e-06

           Step           Time
          11700       23.40000

   Energies (kJ/mol)
           Bond          Angle Ryckaert-Bell.          LJ-14     Coulomb-14
    1.05080e+02    1.49363e+03    1.51976e+02   -5.51091e+00    0.00000e+00
        LJ (SR)  Disper. corr.   Coulomb (SR)   Coul. recip.      Potential
    2.97279e+04   -1.44374e+03   -1.96910e+05    9.73655e+02   -1.65907e+05
    Kinetic En.   Total Energy  Conserved En.    Temperature Pres. DC (bar)
    2.98960e+04   -1.36011e+05   -7.93985e+04    3.01865e+02   -1.99959e+02
 Pressure (bar)   Constr. rmsd
   -5.34824e+02    3.47686e-06

           Step           Time
          11800       23.60000

   Energies (kJ/mol)
           Bond          Angle Ryckaert-Bell.          LJ-14     Coulomb-14
    1.43396e+02    1.45397e+03    1.67983e+02   -4.72810e+00    0.00000e+00
        LJ (SR)  Disper. corr.   Coulomb (SR)   Coul. recip.      Potential
    2.99835e+04   -1.44083e+03   -1.97373e+05    9.96822e+02   -1.66073e+05
    Kinetic En.   Total Energy  Conserved En.    Temperature Pres. DC (bar)
    2.94980e+04   -1.36575e+05   -7.94041e+04    2.97846e+02   -1.99155e+02
 Pressure (bar)   Constr. rmsd
   -5.04991e+02    3.28735e-06

           Step           Time
          11900       23.80000

   Energies (kJ/mol)
           Bond          Angle Ryckaert-Bell.          LJ-14     Coulomb-14
    1.10487e+02    1.45469e+03    2.01548e+02    1.53222e+00    0.00000e+00
        LJ (SR)  Disper. corr.   Coulomb (SR)   Coul. recip.      Potential
    3.05075e+04   -1.45159e+03   -1.97945e+05    1.00439e+03   -1.66116e+05
    Kinetic En.   Total Energy  Conserved En.    Temperature Pres. DC (bar)
    2.99567e+04   -1.36160e+05   -7.94029e+04    3.02478e+02   -2.02136e+02
 Pressure (bar)   Constr. rmsd
   -1.06104e+01    3.49382e-06

           Step           Time
          12000       24.00000

   Energies (kJ/mol)
           Bond          Angle Ryckaert-Bell.          LJ-14     Coulomb-14
    1.30840e+02    1.32293e+03    1.79437e+02   -8.21990e-01    0.00000e+00
        LJ (SR)  Disper. corr.   Coulomb (SR)   Coul. recip.      Potential
    3.08382e+04   -1.46728e+03   -1.98560e+05    9.28087e+02   -1.66628e+05
    Kinetic En.   Total Energy  Conserved En.    Temperature Pres. DC (bar)
    2.99762e+04   -1.36652e+05   -7.93885e+04    3.02674e+02   -2.06525e+02
 Pressure (bar)   Constr. rmsd
    2.04801e+02    4.12194e-06

           Step           Time
          12100       24.20000

   Energies (kJ/mol)
           Bond          Angle Ryckaert-Bell.          LJ-14     Coulomb-14
    1.19731e+02    1.36742e+03    1.97029e+02   -3.46781e+00    0.00000e+00
        LJ (SR)  Disper. corr.   Coulomb (SR)   Coul. recip.      Potential
    3.10507e+04   -1.48079e+03   -1.98851e+05    9.98316e+02   -1.66602e+05
    Kinetic En.   Total Energy  Conserved En.    Temperature Pres. DC (bar)
    2.96724e+04   -1.36929e+05   -7.93559e+04    2.99607e+02   -2.10342e+02
 Pressure (bar)   Constr. rmsd
    3.84062e+02    3.97206e-06

           Step           Time
          12200       24.40000

   Energies (kJ/mol)
           Bond          Angle Ryckaert-Bell.          LJ-14     Coulomb-14
    1.16655e+02    1.36692e+03    2.30239e+02    1.62519e+00    0.00000e+00
        LJ (SR)  Disper. corr.   Coulomb (SR)   Coul. recip.      Potential
    3.05305e+04   -1.48572e+03   -1.98382e+05    9.84548e+02   -1.66637e+05
    Kinetic En.   Total Energy  Conserved En.    Temperature Pres. DC (bar)
    3.01491e+04   -1.36488e+05   -7.93656e+04    3.04420e+02   -2.11743e+02
 Pressure (bar)   Constr. rmsd
    2.01557e+02    3.53426e-06

           Step           Time
          12300       24.60000

   Energies (kJ/mol)
           Bond          Angle Ryckaert-Bell.          LJ-14     Coulomb-14
    1.23043e+02    1.42855e+03    1.87185e+02    7.11749e+00    0.00000e+00
        LJ (SR)  Disper. corr.   Coulomb (SR)   Coul. recip.      Potential
    3.17355e+04   -1.48004e+03   -1.99667e+05    9.57405e+02   -1.66709e+05
    Kinetic En.   Total Energy  Conserved En.    Temperature Pres. DC (bar)
    2.96338e+04   -1.37075e+05   -7.93526e+04    2.99217e+02   -2.10127e+02
 Pressure (bar)   Constr. rmsd
    7.44735e+02    3.65114e-06

           Step           Time
          12400       24.80000

   Energies (kJ/mol)
           Bond          Angle Ryckaert-Bell.          LJ-14     Coulomb-14
    1.13033e+02    1.44899e+03    1.97142e+02    3.55856e+00    0.00000e+00
        LJ (SR)  Disper. corr.   Coulomb (SR)   Coul. recip.      Potential
    3.04807e+04   -1.45864e+03   -1.98734e+05    9.67274e+02   -1.66982e+05
    Kinetic En.   Total Energy  Conserved En.    Temperature Pres. DC (bar)
    2.96088e+04   -1.37373e+05   -7.93237e+04    2.98965e+02   -2.04103e+02
 Pressure (bar)   Constr. rmsd
   -2.08528e+02    3.54734e-06

           Step           Time
          12500       25.00000

   Energies (kJ/mol)
           Bond          Angle Ryckaert-Bell.          LJ-14     Coulomb-14
    1.17100e+02    1.45658e+03    2.19688e+02   -1.58282e-02    0.00000e+00
        LJ (SR)  Disper. corr.   Coulomb (SR)   Coul. recip.      Potential
    3.00334e+04   -1.44252e+03   -1.97803e+05    1.01731e+03   -1.66402e+05
    Kinetic En.   Total Energy  Conserved En.    Temperature Pres. DC (bar)
    2.96332e+04   -1.36769e+05   -7.92990e+04    2.99211e+02   -1.99622e+02
 Pressure (bar)   Constr. rmsd
   -5.39870e+02    3.65633e-06

           Step           Time
          12600       25.20000

   Energies (kJ/mol)
           Bond          Angle Ryckaert-Bell.          LJ-14     Coulomb-14
    9.79436e+01    1.44198e+03    1.91904e+02   -7.37827e-01    0.00000e+00
        LJ (SR)  Disper. corr.   Coulomb (SR)   Coul. recip.      Potential
    3.04136e+04   -1.44143e+03   -1.97937e+05    9.63497e+02   -1.66270e+05
    Kinetic En.   Total Energy  Conserved En.    Temperature Pres. DC (bar)
    2.97809e+04   -1.36490e+05   -7.93110e+04    3.00703e+02   -1.99321e+02
 Pressure (bar)   Constr. rmsd
   -2.87792e+02    3.33102e-06

           Step           Time
          12700       25.40000

   Energies (kJ/mol)
           Bond          Angle Ryckaert-Bell.          LJ-14     Coulomb-14
    1.35287e+02    1.38950e+03    2.34910e+02    6.10721e+00    0.00000e+00
        LJ (SR)  Disper. corr.   Coulomb (SR)   Coul. recip.      Potential
    3.06756e+04   -1.45134e+03   -1.98830e+05    9.58001e+02   -1.66881e+05
    Kinetic En.   Total Energy  Conserved En.    Temperature Pres. DC (bar)
    2.98616e+04   -1.37020e+05   -7.93059e+04    3.01517e+02   -2.02067e+02
 Pressure (bar)   Constr. rmsd
   -2.75023e+02    3.43639e-06

           Step           Time
          12800       25.60000

   Energies (kJ/mol)
           Bond          Angle Ryckaert-Bell.          LJ-14     Coulomb-14
    1.07124e+02    1.37706e+03    2.01775e+02    8.71677e-01    0.00000e+00
        LJ (SR)  Disper. corr.   Coulomb (SR)   Coul. recip.      Potential
    3.14734e+04   -1.46380e+03   -1.99374e+05    9.20766e+02   -1.66757e+05
    Kinetic En.   Total Energy  Conserved En.    Temperature Pres. DC (bar)
    3.03452e+04   -1.36412e+05   -7.92928e+04    3.06400e+02   -2.05546e+02
 Pressure (bar)   Constr. rmsd
    3.26550e+02    3.55311e-06

           Step           Time
          12900       25.80000

   Energies (kJ/mol)
           Bond          Angle Ryckaert-Bell.          LJ-14     Coulomb-14
    1.37197e+02    1.37190e+03    2.11239e+02    1.07244e+00    0.00000e+00
        LJ (SR)  Disper. corr.   Coulomb (SR)   Coul. recip.      Potential
    3.06686e+04   -1.46779e+03   -1.98868e+05    9.62012e+02   -1.66984e+05
    Kinetic En.   Total Energy  Conserved En.    Temperature Pres. DC (bar)
    2.94451e+04   -1.37539e+05   -7.92863e+04    2.97312e+02   -2.06668e+02
 Pressure (bar)   Constr. rmsd
   -2.01024e+01    3.10101e-06

           Step           Time
          13000       26.00000

   Energies (kJ/mol)
           Bond          Angle Ryckaert-Bell.          LJ-14     Coulomb-14
    1.02665e+02    1.38394e+03    1.86976e+02   -2.02682e-01    0.00000e+00
        LJ (SR)  Disper. corr.   Coulomb (SR)   Coul. recip.      Potential
    3.08759e+04   -1.47175e+03   -1.98623e+05    9.69778e+02   -1.66576e+05
    Kinetic En.   Total Energy  Conserved En.    Temperature Pres. DC (bar)
    2.97216e+04   -1.36854e+05   -7.92862e+04    3.00104e+02   -2.07783e+02
 Pressure (bar)   Constr. rmsd
    3.18674e+02    3.56686e-06

           Step           Time
          13100       26.20000

   Energies (kJ/mol)
           Bond          Angle Ryckaert-Bell.          LJ-14     Coulomb-14
    1.17094e+02    1.40428e+03    1.71175e+02   -4.22206e+00    0.00000e+00
        LJ (SR)  Disper. corr.   Coulomb (SR)   Coul. recip.      Potential
    3.08579e+04   -1.47304e+03   -1.98756e+05    9.54999e+02   -1.66728e+05
    Kinetic En.   Total Energy  Conserved En.    Temperature Pres. DC (bar)
    2.98731e+04   -1.36855e+05   -7.92900e+04    3.01634e+02   -2.08148e+02
 Pressure (bar)   Constr. rmsd
    2.22047e+02    3.70068e-06

           Step           Time
          13200       26.40000

   Energies (kJ/mol)
           Bond          Angle Ryckaert-Bell.          LJ-14     Coulomb-14
    1.28405e+02    1.35770e+03    2.10643e+02    8.57921e-01    0.00000e+00
        LJ (SR)  Disper. corr.   Coulomb (SR)   Coul. recip.      Potential
    3.11452e+04   -1.47069e+03   -1.99007e+05    9.74527e+02   -1.66661e+05
    Kinetic En.   Total Energy  Conserved En.    Temperature Pres. DC (bar)
    2.93926e+04   -1.37268e+05   -7.92894e+04    2.96782e+02   -2.07486e+02
 Pressure (bar)   Constr. rmsd
    2.35583e+02    3.39616e-06

           Step           Time
          13300       26.60000

   Energies (kJ/mol)
           Bond          Angle Ryckaert-Bell.          LJ-14     Coulomb-14
    1.19263e+02    1.32795e+03    2.10635e+02    1.90575e+00    0.00000e+00
        LJ (SR)  Disper. corr.   Coulomb (SR)   Coul. recip.      Potential
    3.11632e+04   -1.46521e+03   -1.99216e+05    9.86081e+02   -1.66873e+05
    Kinetic En.   Total Energy  Conserved En.    Temperature Pres. DC (bar)
    2.92416e+04   -1.37631e+05   -7.92832e+04    2.95257e+02   -2.05943e+02
 Pressure (bar)   Constr. rmsd
    2.46196e+02    3.38911e-06

           Step           Time
          13400       26.80000

   Energies (kJ/mol)
           Bond          Angle Ryckaert-Bell.          LJ-14     Coulomb-14
    1.28638e+02    1.45787e+03    1.87133e+02    1.23002e+00    0.00000e+00
        LJ (SR)  Disper. corr.   Coulomb (SR)   Coul. recip.      Potential
    3.12533e+04   -1.45732e+03   -1.99182e+05    9.80612e+02   -1.66631e+05
    Kinetic En.   Total Energy  Conserved En.    Temperature Pres. DC (bar)
    2.98642e+04   -1.36767e+05   -7.92700e+04    3.01544e+02   -2.03734e+02
 Pressure (bar)   Constr. rmsd
    2.73054e+02    3.24537e-06

           Step           Time
          13500       27.00000

   Energies (kJ/mol)
           Bond          Angle Ryckaert-Bell.          LJ-14     Coulomb-14
    1.42597e+02    1.44037e+03    2.16993e+02    2.62171e+00    0.00000e+00
        LJ (SR)  Disper. corr.   Coulomb (SR)   Coul. recip.      Potential
    3.09166e+04   -1.44736e+03   -1.98332e+05    9.94234e+02   -1.66066e+05
    Kinetic En.   Total Energy  Conserved En.    Temperature Pres. DC (bar)
    2.96891e+04   -1.36377e+05   -7.92708e+04    2.99776e+02   -2.00963e+02
 Pressure (bar)   Constr. rmsd
    4.73126e+01    3.13489e-06

           Step           Time
          13600       27.20000

   Energies (kJ/mol)
           Bond          Angle Ryckaert-Bell.          LJ-14     Coulomb-14
    1.26489e+02    1.47770e+03    1.80098e+02    7.89793e-02    0.00000e+00
        LJ (SR)  Disper. corr.   Coulomb (SR)   Coul. recip.      Potential
    3.07012e+04   -1.44063e+03   -1.97796e+05    1.01420e+03   -1.65737e+05
    Kinetic En.   Total Energy  Conserved En.    Temperature Pres. DC (bar)
    2.91519e+04   -1.36585e+05   -7.92566e+04    2.94351e+02   -1.99100e+02
 Pressure (bar)   Constr. rmsd
   -1.54726e+02    3.44905e-06

           Step           Time
          13700       27.40000

   Energies (kJ/mol)
           Bond          Angle Ryckaert-Bell.          LJ-14     Coulomb-14
    1.31049e+02    1.42346e+03    1.84009e+02    3.30735e+00    0.00000e+00
        LJ (SR)  Disper. corr.   Coulomb (SR)   Coul. recip.      Potential
    3.02423e+04   -1.43761e+03   -1.98066e+05    9.24785e+02   -1.66595e+05
    Kinetic En.   Total Energy  Conserved En.    Temperature Pres. DC (bar)
    2.93428e+04   -1.37252e+05   -7.92620e+04    2.96279e+02   -1.98266e+02
 Pressure (bar)   Constr. rmsd
   -4.93702e+02    3.31747e-06

           Step           Time
          13800       27.60000

   Energies (kJ/mol)
           Bond          Angle Ryckaert-Bell.          LJ-14     Coulomb-14
    1.22710e+02    1.41219e+03    1.82754e+02    1.48551e+00    0.00000e+00
        LJ (SR)  Disper. corr.   Coulomb (SR)   Coul. recip.      Potential
    3.07298e+04   -1.44291e+03   -1.98877e+05    9.67317e+02   -1.66904e+05
    Kinetic En.   Total Energy  Conserved En.    Temperature Pres. DC (bar)
    2.97445e+04   -1.37159e+05   -7.92636e+04    3.00335e+02   -1.99729e+02
 Pressure (bar)   Constr. rmsd
   -2.96176e+02    3.74886e-06

           Step           Time
          13900       27.80000

   Energies (kJ/mol)
           Bond          Angle Ryckaert-Bell.          LJ-14     Coulomb-14
    1.17120e+02    1.34683e+03    1.61499e+02   -3.37670e+00    0.00000e+00
        LJ (SR)  Disper. corr.   Coulomb (SR)   Coul. recip.      Potential
    3.09478e+04   -1.45569e+03   -1.98874e+05    1.02349e+03   -1.66737e+05
    Kinetic En.   Total Energy  Conserved En.    Temperature Pres. DC (bar)
    2.93508e+04   -1.37386e+05   -7.92436e+04    2.96360e+02   -2.03278e+02
 Pressure (bar)   Constr. rmsd
    9.20782e+01    3.49207e-06

           Step           Time
          14000       28.00000

   Energies (kJ/mol)
           Bond          Angle Ryckaert-Bell.          LJ-14     Coulomb-14
    1.33150e+02    1.32536e+03    1.78302e+02   -1.13873e-01    0.00000e+00
        LJ (SR)  Disper. corr.   Coulomb (SR)   Coul. recip.      Potential
    3.16172e+04   -1.46858e+03   -1.99876e+05    9.79246e+02   -1.67111e+05
    Kinetic En.   Total Energy  Conserved En.    Temperature Pres. DC (bar)
    2.94461e+04   -1.37665e+05   -7.92327e+04    2.97323e+02   -2.06890e+02
 Pressure (bar)   Constr. rmsd
    4.09073e+02    3.59834e-06

           Step           Time
          14100       28.20000

   Energies (kJ/mol)
           Bond          Angle Ryckaert-Bell.          LJ-14     Coulomb-14
    1.07924e+02    1.32045e+03    1.77263e+02   -6.39285e-01    0.00000e+00
        LJ (SR)  Disper. corr.   Coulomb (SR)   Coul. recip.      Potential
    3.18368e+04   -1.47282e+03   -2.00176e+05    9.80130e+02   -1.67227e+05
    Kinetic En.   Total Energy  Conserved En.    Temperature Pres. DC (bar)
    2.97008e+04   -1.37526e+05   -7.92367e+04    2.99894e+02   -2.08085e+02
 Pressure (bar)   Constr. rmsd
    5.29324e+02    3.27720e-06

           Step           Time
          14200       28.40000

   Energies (kJ/mol)
           Bond          Angle Ryckaert-Bell.          LJ-14     Coulomb-14
    1.40115e+02    1.42249e+03    1.76462e+02    2.00268e+00    0.00000e+00
        LJ (SR)  Disper. corr.   Coulomb (SR)   Coul. recip.      Potential
    3.15097e+04   -1.46487e+03   -1.99779e+05    1.01595e+03   -1.66977e+05
    Kinetic En.   Total Energy  Conserved En.    Temperature Pres. DC (bar)
    2.92353e+04   -1.37741e+05   -7.92248e+04    2.95193e+02   -2.05849e+02
 Pressure (bar)   Constr. rmsd
    2.92457e+02    3.17573e-06

           Step           Time
          14300       28.60000

   Energies (kJ/mol)
           Bond          Angle Ryckaert-Bell.          LJ-14     Coulomb-14
    9.82826e+01    1.42815e+03    1.63300e+02    1.12185e+00    0.00000e+00
        LJ (SR)  Disper. corr.   Coulomb (SR)   Coul. recip.      Potential
    3.05386e+04   -1.45012e+03   -1.98587e+05    9.72355e+02   -1.66835e+05
    Kinetic En.   Total Energy  Conserved En.    Temperature Pres. DC (bar)
    2.95322e+04   -1.37303e+05   -7.92097e+04    2.98192e+02   -2.01729e+02
 Pressure (bar)   Constr. rmsd
   -2.01455e+02    3.32495e-06

           Step           Time
          14400       28.80000

   Energies (kJ/mol)
           Bond          Angle Ryckaert-Bell.          LJ-14     Coulomb-14
    1.47305e+02    1.43108e+03    1.22333e+02   -5.20324e+00    0.00000e+00
        LJ (SR)  Disper. corr.   Coulomb (SR)   Coul. recip.      Potential
    3.03383e+04   -1.44082e+03   -1.97358e+05    9.59877e+02   -1.65805e+05
    Kinetic En.   Total Energy  Conserved En.    Temperature Pres. DC (bar)
    2.93686e+04   -1.36437e+05   -7.91934e+04    2.96540e+02   -1.99152e+02
 Pressure (bar)   Constr. rmsd
   -2.33616e+02    3.53381e-06

           Step           Time
          14500       29.00000

   Energies (kJ/mol)
           Bond          Angle Ryckaert-Bell.          LJ-14     Coulomb-14
    1.13206e+02    1.41688e+03    1.69228e+02   -4.61031e-01    0.00000e+00
        LJ (SR)  Disper. corr.   Coulomb (SR)   Coul. recip.      Potential
    3.01499e+04   -1.43953e+03   -1.97412e+05    9.73011e+02   -1.66030e+05
    Kinetic En.   Total Energy  Conserved En.    Temperature Pres. DC (bar)
    2.97767e+04   -1.36253e+05   -7.92085e+04    3.00660e+02   -1.98795e+02
 Pressure (bar)   Constr. rmsd
   -3.81692e+02    4.01237e-06

           Step           Time
          14600       29.20000

   Energies (kJ/mol)
           Bond          Angle Ryckaert-Bell.          LJ-14     Coulomb-14
    1.32104e+02    1.44651e+03    1.70116e+02   -7.11513e-01    0.00000e+00
        LJ (SR)  Disper. corr.   Coulomb (SR)   Coul. recip.      Potential
    3.06723e+04   -1.44705e+03   -1.97877e+05    9.90782e+02   -1.65913e+05
    Kinetic En.   Total Energy  Conserved En.    Temperature Pres. DC (bar)
    3.04272e+04   -1.35486e+05   -7.92020e+04    3.07229e+02   -2.00877e+02
 Pressure (bar)   Constr. rmsd
    6.46544e+01    3.62736e-06

           Step           Time
          14700       29.40000

   Energies (kJ/mol)
           Bond          Angle Ryckaert-Bell.          LJ-14     Coulomb-14
    1.41734e+02    1.45860e+03    1.81102e+02   -2.46901e+00    0.00000e+00
        LJ (SR)  Disper. corr.   Coulomb (SR)   Coul. recip.      Potential
    3.00371e+04   -1.45692e+03   -1.97798e+05    1.01319e+03   -1.66425e+05
    Kinetic En.   Total Energy  Conserved En.    Temperature Pres. DC (bar)
    2.99493e+04   -1.36476e+05   -7.91928e+04    3.02403e+02   -2.03621e+02
 Pressure (bar)   Constr. rmsd
   -3.02010e+02    3.22872e-06

           Step           Time
          14800       29.60000

   Energies (kJ/mol)
           Bond          Angle Ryckaert-Bell.          LJ-14     Coulomb-14
    1.26589e+02    1.44699e+03    1.99347e+02   -6.76441e-03    0.00000e+00
        LJ (SR)  Disper. corr.   Coulomb (SR)   Coul. recip.      Potential
    3.20195e+04   -1.46997e+03   -1.99731e+05    1.00136e+03   -1.66407e+05
    Kinetic En.   Total Energy  Conserved En.    Temperature Pres. DC (bar)
    2.95915e+04   -1.36816e+05   -7.91631e+04    2.98790e+02   -2.07281e+02
 Pressure (bar)   Constr. rmsd
    6.71240e+02    3.47837e-06

           Step           Time
          14900       29.80000

   Energies (kJ/mol)
           Bond          Angle Ryckaert-Bell.          LJ-14     Coulomb-14
    1.32055e+02    1.39308e+03    1.86155e+02    1.93594e+00    0.00000e+00
        LJ (SR)  Disper. corr.   Coulomb (SR)   Coul. recip.      Potential
    3.12855e+04   -1.47049e+03   -1.98818e+05    9.53365e+02   -1.66336e+05
    Kinetic En.   Total Energy  Conserved En.    Temperature Pres. DC (bar)
    2.97682e+04   -1.36568e+05   -7.91879e+04    3.00574e+02   -2.07427e+02
 Pressure (bar)   Constr. rmsd
    4.36005e+02    3.78992e-06

           Step           Time
          15000       30.00000

   Energies (kJ/mol)
           Bond          Angle Ryckaert-Bell.          LJ-14     Coulomb-14
    1.25435e+02    1.43348e+03    2.01502e+02    1.34784e+00    0.00000e+00
        LJ (SR)  Disper. corr.   Coulomb (SR)   Coul. recip.      Potential
    3.04960e+04   -1.46133e+03   -1.97899e+05    9.73633e+02   -1.66129e+05
    Kinetic En.   Total Energy  Conserved En.    Temperature Pres. DC (bar)
    2.97127e+04   -1.36416e+05   -7.91741e+04    3.00014e+02   -2.04855e+02
 Pressure (bar)   Constr. rmsd
    7.74969e+01    3.51208e-06

           Step           Time
          15100       30.20000

   Energies (kJ/mol)
           Bond          Angle Ryckaert-Bell.          LJ-14     Coulomb-14
    1.50795e+02    1.39304e+03    2.25492e+02    4.09949e+00    0.00000e+00
        LJ (SR)  Disper. corr.   Coulomb (SR)   Coul. recip.      Potential
    3.00429e+04   -1.44973e+03   -1.97214e+05    1.06473e+03   -1.65783e+05
    Kinetic En.   Total Energy  Conserved En.    Temperature Pres. DC (bar)
    2.97462e+04   -1.36037e+05   -7.91608e+04    3.00352e+02   -2.01619e+02
 Pressure (bar)   Constr. rmsd
   -3.16153e+02    3.33990e-06

           Step           Time
          15200       30.40000

   Energies (kJ/mol)
           Bond          Angle Ryckaert-Bell.          LJ-14     Coulomb-14
    1.38457e+02    1.48344e+03    1.49895e+02    2.10534e+00    0.00000e+00
        LJ (SR)  Disper. corr.   Coulomb (SR)   Coul. recip.      Potential
    3.06911e+04   -1.44524e+03   -1.97971e+05    1.02509e+03   -1.65926e+05
    Kinetic En.   Total Energy  Conserved En.    Temperature Pres. DC (bar)
    3.03077e+04   -1.35619e+05   -7.91584e+04    3.06021e+02   -2.00375e+02
 Pressure (bar)   Constr. rmsd
   -1.21535e+02    3.64839e-06

           Step           Time
          15300       30.60000

   Energies (kJ/mol)
           Bond          Angle Ryckaert-Bell.          LJ-14     Coulomb-14
    1.47986e+02    1.40517e+03    1.61800e+02    1.51008e+00    0.00000e+00
        LJ (SR)  Disper. corr.   Coulomb (SR)   Coul. recip.      Potential
    2.98751e+04   -1.44529e+03   -1.96888e+05    1.00300e+03   -1.65739e+05
    Kinetic En.   Total Energy  Conserved En.    Temperature Pres. DC (bar)
    3.03711e+04   -1.35368e+05   -7.91687e+04    3.06662e+02   -2.00387e+02
 Pressure (bar)   Constr. rmsd
   -3.74623e+02    3.92938e-06

           Step           Time
          15400       30.80000

   Energies (kJ/mol)
           Bond          Angle Ryckaert-Bell.          LJ-14     Coulomb-14
    1.57832e+02    1.35356e+03    2.34695e+02    1.70045e+00    0.00000e+00
        LJ (SR)  Disper. corr.   Coulomb (SR)   Coul. recip.      Potential
    3.07711e+04   -1.45193e+03   -1.97787e+05    9.90013e+02   -1.65730e+05
    Kinetic En.   Total Energy  Conserved En.    Temperature Pres. DC (bar)
    2.99093e+04   -1.35821e+05   -7.91606e+04    3.01999e+02   -2.02232e+02
 Pressure (bar)   Constr. rmsd
    1.33158e+02    3.68909e-06

           Step           Time
          15500       31.00000

   Energies (kJ/mol)
           Bond          Angle Ryckaert-Bell.          LJ-14     Coulomb-14
    1.49574e+02    1.47399e+03    1.73673e+02    3.17538e+00    0.00000e+00
        LJ (SR)  Disper. corr.   Coulomb (SR)   Coul. recip.      Potential
    3.02243e+04   -1.45860e+03   -1.97174e+05    9.45002e+02   -1.65663e+05
    Kinetic En.   Total Energy  Conserved En.    Temperature Pres. DC (bar)
    2.98051e+04   -1.35858e+05   -7.91531e+04    3.00947e+02   -2.04092e+02
 Pressure (bar)   Constr. rmsd
    1.03541e-01    3.28484e-06

           Step           Time
          15600       31.20000

   Energies (kJ/mol)
           Bond          Angle Ryckaert-Bell.          LJ-14     Coulomb-14
    1.78591e+02    1.41192e+03    1.93151e+02    1.01527e+00    0.00000e+00
        LJ (SR)  Disper. corr.   Coulomb (SR)   Coul. recip.      Potential
    3.02574e+04   -1.46614e+03   -1.97541e+05    9.98197e+02   -1.65967e+05
    Kinetic En.   Total Energy  Conserved En.    Temperature Pres. DC (bar)
    2.97686e+04   -1.36198e+05   -7.91454e+04    3.00578e+02   -2.06203e+02
 Pressure (bar)   Constr. rmsd
   -1.68894e+01    3.43617e-06

           Step           Time
          15700       31.40000

   Energies (kJ/mol)
           Bond          Angle Ryckaert-Bell.          LJ-14     Coulomb-14
    1.68636e+02    1.40833e+03    1.81219e+02   -3.87927e+00    0.00000e+00
        LJ (SR)  Disper. corr.   Coulomb (SR)   Coul. recip.      Potential
    3.13547e+04   -1.47492e+03   -1.98913e+05    9.62100e+02   -1.66317e+05
    Kinetic En.   Total Energy  Conserved En.    Temperature Pres. DC (bar)
    2.98450e+04   -1.36472e+05   -7.91451e+04    3.01350e+02   -2.08678e+02
 Pressure (bar)   Constr. rmsd
    3.83950e+02    3.53999e-06

           Step           Time
          15800       31.60000

   Energies (kJ/mol)
           Bond          Angle Ryckaert-Bell.          LJ-14     Coulomb-14
    1.74363e+02    1.43218e+03    1.75011e+02   -1.23022e+00    0.00000e+00
        LJ (SR)  Disper. corr.   Coulomb (SR)   Coul. recip.      Potential
    3.14994e+04   -1.47561e+03   -1.99225e+05    9.77104e+02   -1.66443e+05
    Kinetic En.   Total Energy  Conserved En.    Temperature Pres. DC (bar)
    2.98658e+04   -1.36578e+05   -7.91368e+04    3.01560e+02   -2.08873e+02
 Pressure (bar)   Constr. rmsd
    5.04666e+02    3.33314e-06

           Step           Time
          15900       31.80000

   Energies (kJ/mol)
           Bond          Angle Ryckaert-Bell.          LJ-14     Coulomb-14
    1.73604e+02    1.31487e+03    1.77764e+02    3.68635e+00    0.00000e+00
        LJ (SR)  Disper. corr.   Coulomb (SR)   Coul. recip.      Potential
    2.93832e+04   -1.46767e+03   -1.97676e+05    9.95380e+02   -1.67095e+05
    Kinetic En.   Total Energy  Conserved En.    Temperature Pres. DC (bar)
    2.95643e+04   -1.37531e+05   -7.91519e+04    2.98515e+02   -2.06635e+02
 Pressure (bar)   Constr. rmsd
   -5.59159e+02    3.49771e-06

           Step           Time
          16000       32.00000

   Energies (kJ/mol)
           Bond          Angle Ryckaert-Bell.          LJ-14     Coulomb-14
    1.56971e+02    1.36531e+03    1.81059e+02    2.85256e+00    0.00000e+00
        LJ (SR)  Disper. corr.   Coulomb (SR)   Coul. recip.      Potential
    3.07961e+04   -1.46740e+03   -1.99279e+05    9.75685e+02   -1.67269e+05
    Kinetic En.   Total Energy  Conserved En.    Temperature Pres. DC (bar)
    2.98213e+04   -1.37447e+05   -7.91519e+04    3.01111e+02   -2.06559e+02
 Pressure (bar)   Constr. rmsd
    3.38773e+01    3.42031e-06

           Step           Time
          16100       32.20000

   Energies (kJ/mol)
           Bond          Angle Ryckaert-Bell.          LJ-14     Coulomb-14
    1.76196e+02    1.33240e+03    1.80982e+02   -1.67907e+00    0.00000e+00
        LJ (SR)  Disper. corr.   Coulomb (SR)   Coul. recip.      Potential
    3.09929e+04   -1.46411e+03   -1.99068e+05    9.89547e+02   -1.66861e+05
    Kinetic En.   Total Energy  Conserved En.    Temperature Pres. DC (bar)
    2.95520e+04   -1.37309e+05   -7.91536e+04    2.98391e+02   -2.05635e+02
 Pressure (bar)   Constr. rmsd
    6.81431e+01    3.40667e-06

           Step           Time
          16200       32.40000

   Energies (kJ/mol)
           Bond          Angle Ryckaert-Bell.          LJ-14     Coulomb-14
    1.63486e+02    1.37899e+03    1.99074e+02   -2.09695e+00    0.00000e+00
        LJ (SR)  Disper. corr.   Coulomb (SR)   Coul. recip.      Potential
    3.07407e+04   -1.45888e+03   -1.98090e+05    9.67771e+02   -1.66101e+05
    Kinetic En.   Total Energy  Conserved En.    Temperature Pres. DC (bar)
    2.94096e+04   -1.36691e+05   -7.91478e+04    2.96953e+02   -2.04170e+02
 Pressure (bar)   Constr. rmsd
    5.34712e+01    3.23297e-06

           Step           Time
          16300       32.60000

   Energies (kJ/mol)
           Bond          Angle Ryckaert-Bell.          LJ-14     Coulomb-14
    1.70639e+02    1.36289e+03    2.04107e+02    6.27505e+00    0.00000e+00
        LJ (SR)  Disper. corr.   Coulomb (SR)   Coul. recip.      Potential
    3.02629e+04   -1.45170e+03   -1.97956e+05    1.00855e+03   -1.66392e+05
    Kinetic En.   Total Energy  Conserved En.    Temperature Pres. DC (bar)
    2.90653e+04   -1.37327e+05   -7.91364e+04    2.93477e+02   -2.02168e+02
 Pressure (bar)   Constr. rmsd
   -2.59856e+02    3.38367e-06

           Step           Time
          16400       32.80000

Writing checkpoint, step 16400 at Mon Dec 16 20:54:36 2024


   Energies (kJ/mol)
           Bond          Angle Ryckaert-Bell.          LJ-14     Coulomb-14
    1.55141e+02    1.36352e+03    1.99873e+02    5.40052e+00    0.00000e+00
        LJ (SR)  Disper. corr.   Coulomb (SR)   Coul. recip.      Potential
    3.03957e+04   -1.44835e+03   -1.97706e+05    9.88313e+02   -1.66046e+05
    Kinetic En.   Total Energy  Conserved En.    Temperature Pres. DC (bar)
    2.92577e+04   -1.36788e+05   -7.91486e+04    2.95420e+02   -2.01236e+02
 Pressure (bar)   Constr. rmsd
   -1.79613e+02    3.40557e-06

           Step           Time
          16500       33.00000

   Energies (kJ/mol)
           Bond          Angle Ryckaert-Bell.          LJ-14     Coulomb-14
    1.61073e+02    1.34449e+03    1.80404e+02   -2.53168e+00    0.00000e+00
        LJ (SR)  Disper. corr.   Coulomb (SR)   Coul. recip.      Potential
    2.98766e+04   -1.44998e+03   -1.97050e+05    9.61166e+02   -1.65979e+05
    Kinetic En.   Total Energy  Conserved En.    Temperature Pres. DC (bar)
    2.92952e+04   -1.36684e+05   -7.91484e+04    2.95799e+02   -2.01689e+02
 Pressure (bar)   Constr. rmsd
   -3.74136e+02    3.42213e-06

           Step           Time
          16600       33.20000

   Energies (kJ/mol)
           Bond          Angle Ryckaert-Bell.          LJ-14     Coulomb-14
    1.67137e+02    1.32007e+03    1.77009e+02   -2.67721e+00    0.00000e+00
        LJ (SR)  Disper. corr.   Coulomb (SR)   Coul. recip.      Potential
    3.10993e+04   -1.45988e+03   -1.99255e+05    9.81046e+02   -1.66973e+05
    Kinetic En.   Total Energy  Conserved En.    Temperature Pres. DC (bar)
    3.02053e+04   -1.36768e+05   -7.91493e+04    3.04988e+02   -2.04448e+02
 Pressure (bar)   Constr. rmsd
    2.41861e+01    3.38155e-06

           Step           Time
          16700       33.40000

   Energies (kJ/mol)
           Bond          Angle Ryckaert-Bell.          LJ-14     Coulomb-14
    1.56572e+02    1.39404e+03    1.79759e+02   -2.65092e+00    0.00000e+00
        LJ (SR)  Disper. corr.   Coulomb (SR)   Coul. recip.      Potential
    3.11504e+04   -1.46861e+03   -1.99237e+05    9.60471e+02   -1.66867e+05
    Kinetic En.   Total Energy  Conserved En.    Temperature Pres. DC (bar)
    2.98378e+04   -1.37030e+05   -7.91276e+04    3.01277e+02   -2.06898e+02
 Pressure (bar)   Constr. rmsd
    1.54697e+02    3.32998e-06

           Step           Time
          16800       33.60000

   Energies (kJ/mol)
           Bond          Angle Ryckaert-Bell.          LJ-14     Coulomb-14
    1.74030e+02    1.41222e+03    1.53899e+02   -8.90887e-01    0.00000e+00
        LJ (SR)  Disper. corr.   Coulomb (SR)   Coul. recip.      Potential
    3.06012e+04   -1.46980e+03   -1.98206e+05    9.22142e+02   -1.66414e+05
    Kinetic En.   Total Energy  Conserved En.    Temperature Pres. DC (bar)
    2.95984e+04   -1.36815e+05   -7.91300e+04    2.98859e+02   -2.07234e+02
 Pressure (bar)   Constr. rmsd
    1.46740e+02    3.25206e-06

           Step           Time
          16900       33.80000

   Energies (kJ/mol)
           Bond          Angle Ryckaert-Bell.          LJ-14     Coulomb-14
    1.32497e+02    1.44545e+03    1.84877e+02    1.22111e+00    0.00000e+00
        LJ (SR)  Disper. corr.   Coulomb (SR)   Coul. recip.      Potential
    3.14231e+04   -1.46797e+03   -1.98714e+05    9.86881e+02   -1.66008e+05
    Kinetic En.   Total Energy  Conserved En.    Temperature Pres. DC (bar)
    2.97095e+04   -1.36298e+05   -7.91277e+04    2.99982e+02   -2.06720e+02
 Pressure (bar)   Constr. rmsd
    6.84220e+02    3.18476e-06

           Step           Time
          17000       34.00000

   Energies (kJ/mol)
           Bond          Angle Ryckaert-Bell.          LJ-14     Coulomb-14
    1.92322e+02    1.36968e+03    2.17574e+02    7.34593e+00    0.00000e+00
        LJ (SR)  Disper. corr.   Coulomb (SR)   Coul. recip.      Potential
    3.09835e+04   -1.45722e+03   -1.98748e+05    1.02391e+03   -1.66411e+05
    Kinetic En.   Total Energy  Conserved En.    Temperature Pres. DC (bar)
    2.94105e+04   -1.37001e+05   -7.91211e+04    2.96962e+02   -2.03705e+02
 Pressure (bar)   Constr. rmsd
    1.72885e+02    3.27927e-06

           Step           Time
          17100       34.20000

   Energies (kJ/mol)
           Bond          Angle Ryckaert-Bell.          LJ-14     Coulomb-14
    1.40701e+02    1.30516e+03    2.20229e+02   -8.29865e-01    0.00000e+00
        LJ (SR)  Disper. corr.   Coulomb (SR)   Coul. recip.      Potential
    2.95486e+04   -1.44471e+03   -1.96800e+05    9.74309e+02   -1.66056e+05
    Kinetic En.   Total Energy  Conserved En.    Temperature Pres. DC (bar)
    2.96093e+04   -1.36447e+05   -7.91160e+04    2.98970e+02   -2.00228e+02
 Pressure (bar)   Constr. rmsd
   -6.71744e+02    3.80110e-06

           Step           Time
          17200       34.40000

   Energies (kJ/mol)
           Bond          Angle Ryckaert-Bell.          LJ-14     Coulomb-14
    1.85659e+02    1.40198e+03    2.08800e+02    3.84190e+00    0.00000e+00
        LJ (SR)  Disper. corr.   Coulomb (SR)   Coul. recip.      Potential
    3.06652e+04   -1.44179e+03   -1.97680e+05    1.00799e+03   -1.65649e+05
    Kinetic En.   Total Energy  Conserved En.    Temperature Pres. DC (bar)
    2.96020e+04   -1.36047e+05   -7.91095e+04    2.98896e+02   -1.99420e+02
 Pressure (bar)   Constr. rmsd
   -1.22985e+02    3.48953e-06

           Step           Time
          17300       34.60000

   Energies (kJ/mol)
           Bond          Angle Ryckaert-Bell.          LJ-14     Coulomb-14
    1.27123e+02    1.46688e+03    1.74621e+02    1.69649e+00    0.00000e+00
        LJ (SR)  Disper. corr.   Coulomb (SR)   Coul. recip.      Potential
    3.01637e+04   -1.44193e+03   -1.97388e+05    9.97686e+02   -1.65898e+05
    Kinetic En.   Total Energy  Conserved En.    Temperature Pres. DC (bar)
    2.97658e+04   -1.36132e+05   -7.91151e+04    3.00550e+02   -1.99458e+02
 Pressure (bar)   Constr. rmsd
   -1.46778e+02    3.37614e-06

           Step           Time
          17400       34.80000

   Energies (kJ/mol)
           Bond          Angle Ryckaert-Bell.          LJ-14     Coulomb-14
    1.42566e+02    1.40732e+03    1.97307e+02    7.45968e-01    0.00000e+00
        LJ (SR)  Disper. corr.   Coulomb (SR)   Coul. recip.      Potential
    3.08655e+04   -1.44812e+03   -1.98358e+05    9.73741e+02   -1.66218e+05
    Kinetic En.   Total Energy  Conserved En.    Temperature Pres. DC (bar)
    2.95603e+04   -1.36658e+05   -7.91146e+04    2.98475e+02   -2.01174e+02
 Pressure (bar)   Constr. rmsd
    3.67525e+01    3.17492e-06

           Step           Time
          17500       35.00000

   Energies (kJ/mol)
           Bond          Angle Ryckaert-Bell.          LJ-14     Coulomb-14
    1.47829e+02    1.43106e+03    1.51130e+02   -4.98206e+00    0.00000e+00
        LJ (SR)  Disper. corr.   Coulomb (SR)   Coul. recip.      Potential
    3.12946e+04   -1.45852e+03   -1.98841e+05    9.32675e+02   -1.66347e+05
    Kinetic En.   Total Energy  Conserved En.    Temperature Pres. DC (bar)
    2.92116e+04   -1.37136e+05   -7.90925e+04    2.94955e+02   -2.04068e+02
 Pressure (bar)   Constr. rmsd
    1.56855e+02    3.31495e-06

           Step           Time
          17600       35.20000

   Energies (kJ/mol)
           Bond          Angle Ryckaert-Bell.          LJ-14     Coulomb-14
    1.27394e+02    1.41930e+03    1.87037e+02   -5.64933e-01    0.00000e+00
        LJ (SR)  Disper. corr.   Coulomb (SR)   Coul. recip.      Potential
    3.06336e+04   -1.46824e+03   -1.98159e+05    9.94168e+02   -1.66266e+05
    Kinetic En.   Total Energy  Conserved En.    Temperature Pres. DC (bar)
    2.98068e+04   -1.36460e+05   -7.90925e+04    3.00964e+02   -2.06794e+02
 Pressure (bar)   Constr. rmsd
   -7.89305e+01    3.47361e-06

           Step           Time
          17700       35.40000

   Energies (kJ/mol)
           Bond          Angle Ryckaert-Bell.          LJ-14     Coulomb-14
    1.49948e+02    1.38101e+03    2.18788e+02    1.14907e+00    0.00000e+00
        LJ (SR)  Disper. corr.   Coulomb (SR)   Coul. recip.      Potential
    3.17527e+04   -1.47498e+03   -1.99207e+05    9.49709e+02   -1.66229e+05
    Kinetic En.   Total Energy  Conserved En.    Temperature Pres. DC (bar)
    2.96339e+04   -1.36595e+05   -7.90903e+04    2.99218e+02   -2.08696e+02
 Pressure (bar)   Constr. rmsd
    6.73458e+02    3.48792e-06

           Step           Time
          17800       35.60000

   Energies (kJ/mol)
           Bond          Angle Ryckaert-Bell.          LJ-14     Coulomb-14
    1.12207e+02    1.41784e+03    1.82772e+02    2.27676e+00    0.00000e+00
        LJ (SR)  Disper. corr.   Coulomb (SR)   Coul. recip.      Potential
    3.11391e+04   -1.46825e+03   -1.98735e+05    9.90127e+02   -1.66359e+05
    Kinetic En.   Total Energy  Conserved En.    Temperature Pres. DC (bar)
    2.99167e+04   -1.36443e+05   -7.91024e+04    3.02074e+02   -2.06799e+02
 Pressure (bar)   Constr. rmsd
    4.19891e+02    3.51992e-06

           Step           Time
          17900       35.80000

   Energies (kJ/mol)
           Bond          Angle Ryckaert-Bell.          LJ-14     Coulomb-14
    1.38503e+02    1.40839e+03    2.31677e+02    3.75359e+00    0.00000e+00
        LJ (SR)  Disper. corr.   Coulomb (SR)   Coul. recip.      Potential
    3.04050e+04   -1.45343e+03   -1.98191e+05    9.38311e+02   -1.66519e+05
    Kinetic En.   Total Energy  Conserved En.    Temperature Pres. DC (bar)
    2.95970e+04   -1.36922e+05   -7.90724e+04    2.98846e+02   -2.02649e+02
 Pressure (bar)   Constr. rmsd
   -1.36807e+02    3.79617e-06

           Step           Time
          18000       36.00000

   Energies (kJ/mol)
           Bond          Angle Ryckaert-Bell.          LJ-14     Coulomb-14
    1.27781e+02    1.45473e+03    2.10121e+02   -2.24767e+00    0.00000e+00
        LJ (SR)  Disper. corr.   Coulomb (SR)   Coul. recip.      Potential
    2.94006e+04   -1.44078e+03   -1.96188e+05    9.94298e+02   -1.65443e+05
    Kinetic En.   Total Energy  Conserved En.    Temperature Pres. DC (bar)
    2.96171e+04   -1.35826e+05   -7.90550e+04    2.99049e+02   -1.99140e+02
 Pressure (bar)   Constr. rmsd
   -7.14620e+02    3.60439e-06

           Step           Time
          18100       36.20000

   Energies (kJ/mol)
           Bond          Angle Ryckaert-Bell.          LJ-14     Coulomb-14
    1.47706e+02    1.39247e+03    1.98829e+02   -2.86849e+00    0.00000e+00
        LJ (SR)  Disper. corr.   Coulomb (SR)   Coul. recip.      Potential
    3.02513e+04   -1.44048e+03   -1.97204e+05    1.02822e+03   -1.65629e+05
    Kinetic En.   Total Energy  Conserved En.    Temperature Pres. DC (bar)
    2.98190e+04   -1.35810e+05   -7.90645e+04    3.01088e+02   -1.99059e+02
 Pressure (bar)   Constr. rmsd
   -3.27769e+02    3.64753e-06

           Step           Time
          18200       36.40000

   Energies (kJ/mol)
           Bond          Angle Ryckaert-Bell.          LJ-14     Coulomb-14
    1.18213e+02    1.45606e+03    2.04097e+02    1.38205e+00    0.00000e+00
        LJ (SR)  Disper. corr.   Coulomb (SR)   Coul. recip.      Potential
    3.04140e+04   -1.44731e+03   -1.98207e+05    9.83878e+02   -1.66477e+05
    Kinetic En.   Total Energy  Conserved En.    Temperature Pres. DC (bar)
    2.98897e+04   -1.36587e+05   -7.90595e+04    3.01801e+02   -2.00947e+02
 Pressure (bar)   Constr. rmsd
   -2.61950e+02    3.15986e-06

           Step           Time
          18300       36.60000

   Energies (kJ/mol)
           Bond          Angle Ryckaert-Bell.          LJ-14     Coulomb-14
    1.56593e+02    1.42055e+03    1.76384e+02    3.16063e+00    0.00000e+00
        LJ (SR)  Disper. corr.   Coulomb (SR)   Coul. recip.      Potential
    3.05413e+04   -1.46007e+03   -1.98383e+05    1.01894e+03   -1.66526e+05
    Kinetic En.   Total Energy  Conserved En.    Temperature Pres. DC (bar)
    2.95418e+04   -1.36984e+05   -7.90387e+04    2.98288e+02   -2.04503e+02
 Pressure (bar)   Constr. rmsd
   -4.23049e+01    3.29647e-06

           Step           Time
          18400       36.80000

   Energies (kJ/mol)
           Bond          Angle Ryckaert-Bell.          LJ-14     Coulomb-14
    1.39478e+02    1.38495e+03    2.10175e+02    4.56972e+00    0.00000e+00
        LJ (SR)  Disper. corr.   Coulomb (SR)   Coul. recip.      Potential
    3.11239e+04   -1.47268e+03   -1.99276e+05    9.87143e+02   -1.66898e+05
    Kinetic En.   Total Energy  Conserved En.    Temperature Pres. DC (bar)
    2.99495e+04   -1.36949e+05   -7.90261e+04    3.02405e+02   -2.08046e+02
 Pressure (bar)   Constr. rmsd
    2.36433e+02    3.45119e-06

           Step           Time
          18500       37.00000

   Energies (kJ/mol)
           Bond          Angle Ryckaert-Bell.          LJ-14     Coulomb-14
    1.44019e+02    1.27365e+03    1.99419e+02   -9.49465e-01    0.00000e+00
        LJ (SR)  Disper. corr.   Coulomb (SR)   Coul. recip.      Potential
    3.12289e+04   -1.47694e+03   -1.99848e+05    9.60503e+02   -1.67519e+05
    Kinetic En.   Total Energy  Conserved En.    Temperature Pres. DC (bar)
    2.99545e+04   -1.37565e+05   -7.90386e+04    3.02455e+02   -2.09249e+02
 Pressure (bar)   Constr. rmsd
    2.12300e+02    3.50781e-06

           Step           Time
          18600       37.20000

   Energies (kJ/mol)
           Bond          Angle Ryckaert-Bell.          LJ-14     Coulomb-14
    1.60396e+02    1.32581e+03    2.17382e+02    3.26353e+00    0.00000e+00
        LJ (SR)  Disper. corr.   Coulomb (SR)   Coul. recip.      Potential
    3.11834e+04   -1.47188e+03   -1.99405e+05    1.00189e+03   -1.66985e+05
    Kinetic En.   Total Energy  Conserved En.    Temperature Pres. DC (bar)
    2.94987e+04   -1.37486e+05   -7.90311e+04    2.97853e+02   -2.07821e+02
 Pressure (bar)   Constr. rmsd
    2.61152e+02    3.40141e-06

           Step           Time
          18700       37.40000

   Energies (kJ/mol)
           Bond          Angle Ryckaert-Bell.          LJ-14     Coulomb-14
    1.45327e+02    1.30239e+03    2.19445e+02    2.47361e+00    0.00000e+00
        LJ (SR)  Disper. corr.   Coulomb (SR)   Coul. recip.      Potential
    3.05722e+04   -1.45978e+03   -1.98249e+05    9.87868e+02   -1.66479e+05
    Kinetic En.   Total Energy  Conserved En.    Temperature Pres. DC (bar)
    2.98916e+04   -1.36587e+05   -7.90282e+04    3.01820e+02   -2.04420e+02
 Pressure (bar)   Constr. rmsd
    6.52746e+01    3.37213e-06

           Step           Time
          18800       37.60000

   Energies (kJ/mol)
           Bond          Angle Ryckaert-Bell.          LJ-14     Coulomb-14
    1.94136e+02    1.33397e+03    2.06522e+02    2.65583e+00    0.00000e+00
        LJ (SR)  Disper. corr.   Coulomb (SR)   Coul. recip.      Potential
    3.03418e+04   -1.44513e+03   -1.97284e+05    1.02787e+03   -1.65623e+05
    Kinetic En.   Total Energy  Conserved En.    Temperature Pres. DC (bar)
    2.93364e+04   -1.36286e+05   -7.89905e+04    2.96215e+02   -2.00343e+02
 Pressure (bar)   Constr. rmsd
   -2.01407e+02    3.63090e-06

           Step           Time
          18900       37.80000

   Energies (kJ/mol)
           Bond          Angle Ryckaert-Bell.          LJ-14     Coulomb-14
    1.32792e+02    1.30525e+03    2.10567e+02   -4.10459e-01    0.00000e+00
        LJ (SR)  Disper. corr.   Coulomb (SR)   Coul. recip.      Potential
    3.01277e+04   -1.43340e+03   -1.97263e+05    1.03743e+03   -1.65883e+05
    Kinetic En.   Total Energy  Conserved En.    Temperature Pres. DC (bar)
    2.99253e+04   -1.35958e+05   -7.89836e+04    3.02161e+02   -1.97110e+02
 Pressure (bar)   Constr. rmsd
   -5.34203e+02    3.49000e-06

           Step           Time
          19000       38.00000

   Energies (kJ/mol)
           Bond          Angle Ryckaert-Bell.          LJ-14     Coulomb-14
    1.66801e+02    1.42604e+03    1.90729e+02    1.95814e+00    0.00000e+00
        LJ (SR)  Disper. corr.   Coulomb (SR)   Coul. recip.      Potential
    2.98419e+04   -1.43238e+03   -1.96621e+05    1.05114e+03   -1.65375e+05
    Kinetic En.   Total Energy  Conserved En.    Temperature Pres. DC (bar)
    2.99008e+04   -1.35474e+05   -7.89785e+04    3.01913e+02   -1.96829e+02
 Pressure (bar)   Constr. rmsd
   -5.86627e+02    3.44958e-06

           Step           Time
          19100       38.20000

   Energies (kJ/mol)
           Bond          Angle Ryckaert-Bell.          LJ-14     Coulomb-14
    1.45097e+02    1.35706e+03    1.78602e+02   -2.48823e+00    0.00000e+00
        LJ (SR)  Disper. corr.   Coulomb (SR)   Coul. recip.      Potential
    3.04167e+04   -1.44239e+03   -1.97176e+05    9.81287e+02   -1.65542e+05
    Kinetic En.   Total Energy  Conserved En.    Temperature Pres. DC (bar)
    2.96374e+04   -1.35904e+05   -7.89799e+04    2.99253e+02   -1.99586e+02
 Pressure (bar)   Constr. rmsd
   -8.54111e+01    3.61698e-06

           Step           Time
          19200       38.40000

   Energies (kJ/mol)
           Bond          Angle Ryckaert-Bell.          LJ-14     Coulomb-14
    1.64442e+02    1.39434e+03    1.83647e+02   -1.62577e+00    0.00000e+00
        LJ (SR)  Disper. corr.   Coulomb (SR)   Coul. recip.      Potential
    3.08215e+04   -1.45519e+03   -1.97701e+05    1.01573e+03   -1.65578e+05
    Kinetic En.   Total Energy  Conserved En.    Temperature Pres. DC (bar)
    3.00949e+04   -1.35483e+05   -7.89560e+04    3.03873e+02   -2.03141e+02
 Pressure (bar)   Constr. rmsd
    2.39467e+02    3.43373e-06

           Step           Time
          19300       38.60000

   Energies (kJ/mol)
           Bond          Angle Ryckaert-Bell.          LJ-14     Coulomb-14
    1.41649e+02    1.39371e+03    1.95041e+02    8.98444e-01    0.00000e+00
        LJ (SR)  Disper. corr.   Coulomb (SR)   Coul. recip.      Potential
    3.03345e+04   -1.46339e+03   -1.97710e+05    1.00888e+03   -1.66098e+05
    Kinetic En.   Total Energy  Conserved En.    Temperature Pres. DC (bar)
    3.00456e+04   -1.36053e+05   -7.89505e+04    3.03375e+02   -2.05431e+02
 Pressure (bar)   Constr. rmsd
   -2.86988e+01    3.55725e-06

           Step           Time
          19400       38.80000

   Energies (kJ/mol)
           Bond          Angle Ryckaert-Bell.          LJ-14     Coulomb-14
    1.27368e+02    1.42105e+03    1.67835e+02    4.18853e+00    0.00000e+00
        LJ (SR)  Disper. corr.   Coulomb (SR)   Coul. recip.      Potential
    3.08872e+04   -1.46764e+03   -1.97906e+05    9.78094e+02   -1.65788e+05
    Kinetic En.   Total Energy  Conserved En.    Temperature Pres. DC (bar)
    2.98038e+04   -1.35984e+05   -7.89515e+04    3.00934e+02   -2.06626e+02
 Pressure (bar)   Constr. rmsd
    2.77007e+02    3.53914e-06

           Step           Time
          19500       39.00000

   Energies (kJ/mol)
           Bond          Angle Ryckaert-Bell.          LJ-14     Coulomb-14
    1.18401e+02    1.42338e+03    1.70860e+02    3.56953e-01    0.00000e+00
        LJ (SR)  Disper. corr.   Coulomb (SR)   Coul. recip.      Potential
    3.06627e+04   -1.46508e+03   -1.97792e+05    9.64388e+02   -1.65917e+05
    Kinetic En.   Total Energy  Conserved En.    Temperature Pres. DC (bar)
    2.95875e+04   -1.36329e+05   -7.89518e+04    2.98750e+02   -2.05906e+02
 Pressure (bar)   Constr. rmsd
    1.44990e+02    3.39670e-06

           Step           Time
          19600       39.20000

   Energies (kJ/mol)
           Bond          Angle Ryckaert-Bell.          LJ-14     Coulomb-14
    1.27125e+02    1.39504e+03    1.70331e+02   -6.05302e-02    0.00000e+00
        LJ (SR)  Disper. corr.   Coulomb (SR)   Coul. recip.      Potential
    3.06691e+04   -1.45876e+03   -1.98148e+05    9.38777e+02   -1.66306e+05
    Kinetic En.   Total Energy  Conserved En.    Temperature Pres. DC (bar)
    2.97646e+04   -1.36542e+05   -7.89511e+04    3.00538e+02   -2.04135e+02
 Pressure (bar)   Constr. rmsd
    1.10611e+02    3.40298e-06

           Step           Time
          19700       39.40000

   Energies (kJ/mol)
           Bond          Angle Ryckaert-Bell.          LJ-14     Coulomb-14
    9.96080e+01    1.43072e+03    2.19762e+02    2.58210e+00    0.00000e+00
        LJ (SR)  Disper. corr.   Coulomb (SR)   Coul. recip.      Potential
    3.04128e+04   -1.45117e+03   -1.97716e+05    1.02967e+03   -1.65972e+05
    Kinetic En.   Total Energy  Conserved En.    Temperature Pres. DC (bar)
    2.95240e+04   -1.36448e+05   -7.89369e+04    2.98108e+02   -2.02020e+02
 Pressure (bar)   Constr. rmsd
   -1.02475e+02    3.21442e-06

           Step           Time
          19800       39.60000

   Energies (kJ/mol)
           Bond          Angle Ryckaert-Bell.          LJ-14     Coulomb-14
    1.28392e+02    1.44239e+03    2.13060e+02    6.65001e+00    0.00000e+00
        LJ (SR)  Disper. corr.   Coulomb (SR)   Coul. recip.      Potential
    3.01573e+04   -1.44758e+03   -1.96883e+05    1.00212e+03   -1.65380e+05
    Kinetic En.   Total Energy  Conserved En.    Temperature Pres. DC (bar)
    2.96256e+04   -1.35755e+05   -7.89383e+04    2.99134e+02   -2.01024e+02
 Pressure (bar)   Constr. rmsd
   -1.49875e+02    3.19415e-06

           Step           Time
          19900       39.80000

   Energies (kJ/mol)
           Bond          Angle Ryckaert-Bell.          LJ-14     Coulomb-14
    1.08118e+02    1.42152e+03    1.72782e+02   -2.21057e+00    0.00000e+00
        LJ (SR)  Disper. corr.   Coulomb (SR)   Coul. recip.      Potential
    3.06906e+04   -1.44945e+03   -1.97954e+05    1.00419e+03   -1.66009e+05
    Kinetic En.   Total Energy  Conserved En.    Temperature Pres. DC (bar)
    3.00958e+04   -1.35913e+05   -7.89417e+04    3.03882e+02   -2.01541e+02
 Pressure (bar)   Constr. rmsd
   -4.56406e+01    3.20785e-06

           Step           Time
          20000       40.00000

   Energies (kJ/mol)
           Bond          Angle Ryckaert-Bell.          LJ-14     Coulomb-14
    1.16255e+02    1.42501e+03    1.99748e+02   -3.29893e-02    0.00000e+00
        LJ (SR)  Disper. corr.   Coulomb (SR)   Coul. recip.      Potential
    3.09889e+04   -1.45385e+03   -1.98520e+05    9.88537e+02   -1.66256e+05
    Kinetic En.   Total Energy  Conserved En.    Temperature Pres. DC (bar)
    3.00577e+04   -1.36198e+05   -7.89387e+04    3.03497e+02   -2.02765e+02
 Pressure (bar)   Constr. rmsd
    4.24695e+01    3.40653e-06

           Step           Time
          20100       40.20000

   Energies (kJ/mol)
           Bond          Angle Ryckaert-Bell.          LJ-14     Coulomb-14
    1.21317e+02    1.44768e+03    1.82263e+02    1.32374e+00    0.00000e+00
        LJ (SR)  Disper. corr.   Coulomb (SR)   Coul. recip.      Potential
    3.13210e+04   -1.45609e+03   -1.98700e+05    9.83925e+02   -1.66099e+05
    Kinetic En.   Total Energy  Conserved En.    Temperature Pres. DC (bar)
    2.97617e+04   -1.36337e+05   -7.89328e+04    3.00509e+02   -2.03392e+02
 Pressure (bar)   Constr. rmsd
    3.88758e+02    3.25701e-06

           Step           Time
          20200       40.40000

   Energies (kJ/mol)
           Bond          Angle Ryckaert-Bell.          LJ-14     Coulomb-14
    1.19390e+02    1.35822e+03    2.12219e+02    5.22876e+00    0.00000e+00
        LJ (SR)  Disper. corr.   Coulomb (SR)   Coul. recip.      Potential
    2.97696e+04   -1.45230e+03   -1.97849e+05    9.78388e+02   -1.66858e+05
    Kinetic En.   Total Energy  Conserved En.    Temperature Pres. DC (bar)
    3.01508e+04   -1.36707e+05   -7.89469e+04    3.04438e+02   -2.02334e+02
 Pressure (bar)   Constr. rmsd
   -4.68004e+02    3.38306e-06

           Step           Time
          20300       40.60000

   Energies (kJ/mol)
           Bond          Angle Ryckaert-Bell.          LJ-14     Coulomb-14
    1.40668e+02    1.37203e+03    2.12593e+02    4.83648e-01    0.00000e+00
        LJ (SR)  Disper. corr.   Coulomb (SR)   Coul. recip.      Potential
    3.01947e+04   -1.45597e+03   -1.98343e+05    9.75037e+02   -1.66904e+05
    Kinetic En.   Total Energy  Conserved En.    Temperature Pres. DC (bar)
    3.00214e+04   -1.36882e+05   -7.89428e+04    3.03131e+02   -2.03356e+02
 Pressure (bar)   Constr. rmsd
   -3.10513e+02    3.42545e-06

           Step           Time
          20400       40.80000

   Energies (kJ/mol)
           Bond          Angle Ryckaert-Bell.          LJ-14     Coulomb-14
    1.12976e+02    1.32657e+03    1.95862e+02   -2.29361e+00    0.00000e+00
        LJ (SR)  Disper. corr.   Coulomb (SR)   Coul. recip.      Potential
    3.16972e+04   -1.46255e+03   -1.99699e+05    1.01271e+03   -1.66818e+05
    Kinetic En.   Total Energy  Conserved En.    Temperature Pres. DC (bar)
    2.97869e+04   -1.37031e+05   -7.89423e+04    3.00763e+02   -2.05198e+02
 Pressure (bar)   Constr. rmsd
    4.58196e+02    3.90068e-06

           Step           Time
          20500       41.00000

   Energies (kJ/mol)
           Bond          Angle Ryckaert-Bell.          LJ-14     Coulomb-14
    1.44824e+02    1.36598e+03    1.97229e+02   -1.78563e+00    0.00000e+00
        LJ (SR)  Disper. corr.   Coulomb (SR)   Coul. recip.      Potential
    3.08470e+04   -1.46382e+03   -1.98257e+05    9.67625e+02   -1.66200e+05
    Kinetic En.   Total Energy  Conserved En.    Temperature Pres. DC (bar)
    2.97115e+04   -1.36488e+05   -7.89372e+04    3.00002e+02   -2.05553e+02
 Pressure (bar)   Constr. rmsd
    1.91317e+02    3.27964e-06

           Step           Time
          20600       41.20000

   Energies (kJ/mol)
           Bond          Angle Ryckaert-Bell.          LJ-14     Coulomb-14
    1.20570e+02    1.30777e+03    2.21986e+02    3.99363e+00    0.00000e+00
        LJ (SR)  Disper. corr.   Coulomb (SR)   Coul. recip.      Potential
    3.10688e+04   -1.46210e+03   -1.99263e+05    9.46272e+02   -1.67055e+05
    Kinetic En.   Total Energy  Conserved En.    Temperature Pres. DC (bar)
    2.99139e+04   -1.37141e+05   -7.89478e+04    3.02046e+02   -2.05071e+02
 Pressure (bar)   Constr. rmsd
    9.67502e+01    3.78233e-06

           Step           Time
          20700       41.40000

   Energies (kJ/mol)
           Bond          Angle Ryckaert-Bell.          LJ-14     Coulomb-14
    1.56791e+02    1.41830e+03    1.76680e+02    2.55567e-01    0.00000e+00
        LJ (SR)  Disper. corr.   Coulomb (SR)   Coul. recip.      Potential
    3.07835e+04   -1.45786e+03   -1.98496e+05    9.98743e+02   -1.66420e+05
    Kinetic En.   Total Energy  Conserved En.    Temperature Pres. DC (bar)
    2.97165e+04   -1.36703e+05   -7.89335e+04    3.00052e+02   -2.03885e+02
 Pressure (bar)   Constr. rmsd
    4.80539e+01    3.20536e-06

           Step           Time
          20800       41.60000

   Energies (kJ/mol)
           Bond          Angle Ryckaert-Bell.          LJ-14     Coulomb-14
    1.07215e+02    1.39217e+03    1.85118e+02   -6.43420e+00    0.00000e+00
        LJ (SR)  Disper. corr.   Coulomb (SR)   Coul. recip.      Potential
    3.11054e+04   -1.45490e+03   -1.98693e+05    1.01622e+03   -1.66348e+05
    Kinetic En.   Total Energy  Conserved En.    Temperature Pres. DC (bar)
    2.96610e+04   -1.36687e+05   -7.89370e+04    2.99492e+02   -2.03059e+02
 Pressure (bar)   Constr. rmsd
    1.18518e+02    3.54833e-06

           Step           Time
          20900       41.80000

   Energies (kJ/mol)
           Bond          Angle Ryckaert-Bell.          LJ-14     Coulomb-14
    1.64930e+02    1.36593e+03    1.95553e+02   -1.21958e+00    0.00000e+00
        LJ (SR)  Disper. corr.   Coulomb (SR)   Coul. recip.      Potential
    3.06062e+04   -1.45001e+03   -1.98816e+05    1.02646e+03   -1.66908e+05
    Kinetic En.   Total Energy  Conserved En.    Temperature Pres. DC (bar)
    2.99734e+04   -1.36934e+05   -7.89414e+04    3.02647e+02   -2.01699e+02
 Pressure (bar)   Constr. rmsd
   -2.25805e+02    3.28138e-06

           Step           Time
          21000       42.00000

   Energies (kJ/mol)
           Bond          Angle Ryckaert-Bell.          LJ-14     Coulomb-14
    9.89903e+01    1.34201e+03    1.80509e+02    2.74726e+00    0.00000e+00
        LJ (SR)  Disper. corr.   Coulomb (SR)   Coul. recip.      Potential
    3.02275e+04   -1.44828e+03   -1.98552e+05    9.87148e+02   -1.67162e+05
    Kinetic En.   Total Energy  Conserved En.    Temperature Pres. DC (bar)
    2.99755e+04   -1.37186e+05   -7.89515e+04    3.02668e+02   -2.01216e+02
 Pressure (bar)   Constr. rmsd
   -3.94731e+02    3.39215e-06

           Step           Time
          21100       42.20000

   Energies (kJ/mol)
           Bond          Angle Ryckaert-Bell.          LJ-14     Coulomb-14
    1.77543e+02    1.39739e+03    1.72855e+02    7.77760e-01    0.00000e+00
        LJ (SR)  Disper. corr.   Coulomb (SR)   Coul. recip.      Potential
    3.09234e+04   -1.45222e+03   -1.98870e+05    9.76815e+02   -1.66674e+05
    Kinetic En.   Total Energy  Conserved En.    Temperature Pres. DC (bar)
    2.91770e+04   -1.37497e+05   -7.89252e+04    2.94604e+02   -2.02312e+02
 Pressure (bar)   Constr. rmsd
   -6.56733e+01    3.09267e-06

           Step           Time
          21200       42.40000

   Energies (kJ/mol)
           Bond          Angle Ryckaert-Bell.          LJ-14     Coulomb-14
    1.07885e+02    1.39065e+03    1.91502e+02   -3.00268e+00    0.00000e+00
        LJ (SR)  Disper. corr.   Coulomb (SR)   Coul. recip.      Potential
    3.14948e+04   -1.45748e+03   -1.99290e+05    9.59062e+02   -1.66607e+05
    Kinetic En.   Total Energy  Conserved En.    Temperature Pres. DC (bar)
    2.98727e+04   -1.36734e+05   -7.89380e+04    3.01629e+02   -2.03779e+02
 Pressure (bar)   Constr. rmsd
    3.85708e+02    3.59922e-06

           Step           Time
          21300       42.60000

   Energies (kJ/mol)
           Bond          Angle Ryckaert-Bell.          LJ-14     Coulomb-14
    1.69529e+02    1.33815e+03    1.81358e+02   -4.24705e+00    0.00000e+00
        LJ (SR)  Disper. corr.   Coulomb (SR)   Coul. recip.      Potential
    3.06260e+04   -1.45878e+03   -1.98549e+05    9.51768e+02   -1.66745e+05
    Kinetic En.   Total Energy  Conserved En.    Temperature Pres. DC (bar)
    2.97192e+04   -1.37026e+05   -7.89401e+04    3.00079e+02   -2.04143e+02
 Pressure (bar)   Constr. rmsd
   -1.25249e+02    3.72446e-06

           Step           Time
          21400       42.80000

   Energies (kJ/mol)
           Bond          Angle Ryckaert-Bell.          LJ-14     Coulomb-14
    1.52405e+02    1.45623e+03    1.86998e+02    2.09376e+00    0.00000e+00
        LJ (SR)  Disper. corr.   Coulomb (SR)   Coul. recip.      Potential
    3.09064e+04   -1.46151e+03   -1.98137e+05    9.19673e+02   -1.65975e+05
    Kinetic En.   Total Energy  Conserved En.    Temperature Pres. DC (bar)
    3.00132e+04   -1.35961e+05   -7.89274e+04    3.03048e+02   -2.04905e+02
 Pressure (bar)   Constr. rmsd
    2.54260e+02    3.22134e-06

           Step           Time
          21500       43.00000

   Energies (kJ/mol)
           Bond          Angle Ryckaert-Bell.          LJ-14     Coulomb-14
    1.24182e+02    1.38380e+03    2.18593e+02    3.55663e+00    0.00000e+00
        LJ (SR)  Disper. corr.   Coulomb (SR)   Coul. recip.      Potential
    3.08671e+04   -1.46014e+03   -1.98391e+05    9.65084e+02   -1.66289e+05
    Kinetic En.   Total Energy  Conserved En.    Temperature Pres. DC (bar)
    3.04220e+04   -1.35867e+05   -7.89449e+04    3.07176e+02   -2.04523e+02
 Pressure (bar)   Constr. rmsd
    2.17537e+02    3.91452e-06

           Step           Time
          21600       43.20000

   Energies (kJ/mol)
           Bond          Angle Ryckaert-Bell.          LJ-14     Coulomb-14
    1.61261e+02    1.46584e+03    1.96262e+02   -2.00133e+00    0.00000e+00
        LJ (SR)  Disper. corr.   Coulomb (SR)   Coul. recip.      Potential
    3.14130e+04   -1.45550e+03   -1.99248e+05    9.92120e+02   -1.66477e+05
    Kinetic En.   Total Energy  Conserved En.    Temperature Pres. DC (bar)
    2.98294e+04   -1.36647e+05   -7.89246e+04    3.01192e+02   -2.03225e+02
 Pressure (bar)   Constr. rmsd
    2.65637e+02    3.72386e-06

           Step           Time
          21700       43.40000

   Energies (kJ/mol)
           Bond          Angle Ryckaert-Bell.          LJ-14     Coulomb-14
    1.00873e+02    1.40465e+03    2.24447e+02   -4.11444e-01    0.00000e+00
        LJ (SR)  Disper. corr.   Coulomb (SR)   Coul. recip.      Potential
    2.99402e+04   -1.44424e+03   -1.97352e+05    9.71072e+02   -1.66156e+05
    Kinetic En.   Total Energy  Conserved En.    Temperature Pres. DC (bar)
    2.94231e+04   -1.36733e+05   -7.89289e+04    2.97090e+02   -2.00099e+02
 Pressure (bar)   Constr. rmsd
   -5.05343e+02    3.23372e-06

           Step           Time
          21800       43.60000

   Energies (kJ/mol)
           Bond          Angle Ryckaert-Bell.          LJ-14     Coulomb-14
    1.75381e+02    1.39193e+03    1.99383e+02    1.20471e+00    0.00000e+00
        LJ (SR)  Disper. corr.   Coulomb (SR)   Coul. recip.      Potential
    3.10462e+04   -1.43785e+03   -1.98495e+05    9.67283e+02   -1.66151e+05
    Kinetic En.   Total Energy  Conserved En.    Temperature Pres. DC (bar)
    2.98557e+04   -1.36295e+05   -7.89200e+04    3.01458e+02   -1.98333e+02
 Pressure (bar)   Constr. rmsd
   -5.61871e+01    3.29690e-06

           Step           Time
          21900       43.80000

   Energies (kJ/mol)
           Bond          Angle Ryckaert-Bell.          LJ-14     Coulomb-14
    1.33074e+02    1.37098e+03    1.69232e+02    1.18418e+00    0.00000e+00
        LJ (SR)  Disper. corr.   Coulomb (SR)   Coul. recip.      Potential
    3.05456e+04   -1.43600e+03   -1.97960e+05    1.01083e+03   -1.66165e+05
    Kinetic En.   Total Energy  Conserved En.    Temperature Pres. DC (bar)
    2.98419e+04   -1.36323e+05   -7.89320e+04    3.01318e+02   -1.97823e+02
 Pressure (bar)   Constr. rmsd
   -2.19918e+02    3.60381e-06

           Step           Time
          22000       44.00000

   Energies (kJ/mol)
           Bond          Angle Ryckaert-Bell.          LJ-14     Coulomb-14
    1.55472e+02    1.39153e+03    1.94278e+02   -1.25151e+00    0.00000e+00
        LJ (SR)  Disper. corr.   Coulomb (SR)   Coul. recip.      Potential
    3.09476e+04   -1.44326e+03   -1.98985e+05    9.76077e+02   -1.66765e+05
    Kinetic En.   Total Energy  Conserved En.    Temperature Pres. DC (bar)
    2.91955e+04   -1.37570e+05   -7.89125e+04    2.94792e+02   -1.99828e+02
 Pressure (bar)   Constr. rmsd
   -2.08984e+02    3.19200e-06

           Step           Time
          22100       44.20000

   Energies (kJ/mol)
           Bond          Angle Ryckaert-Bell.          LJ-14     Coulomb-14
    1.40694e+02    1.29599e+03    1.65665e+02   -2.95755e+00    0.00000e+00
        LJ (SR)  Disper. corr.   Coulomb (SR)   Coul. recip.      Potential
    3.08693e+04   -1.45894e+03   -1.99098e+05    9.69134e+02   -1.67119e+05
    Kinetic En.   Total Energy  Conserved En.    Temperature Pres. DC (bar)
    2.97012e+04   -1.37418e+05   -7.89084e+04    2.99898e+02   -2.04186e+02
 Pressure (bar)   Constr. rmsd
   -6.07053e+01    3.59696e-06

           Step           Time
          22200       44.40000

   Energies (kJ/mol)
           Bond          Angle Ryckaert-Bell.          LJ-14     Coulomb-14
    1.49466e+02    1.33787e+03    2.10304e+02   -5.57799e-01    0.00000e+00
        LJ (SR)  Disper. corr.   Coulomb (SR)   Coul. recip.      Potential
    3.24158e+04   -1.47577e+03   -2.01107e+05    1.01361e+03   -1.67457e+05
    Kinetic En.   Total Energy  Conserved En.    Temperature Pres. DC (bar)
    3.02068e+04   -1.37250e+05   -7.88761e+04    3.05002e+02   -2.08919e+02
 Pressure (bar)   Constr. rmsd
    7.38447e+02    3.27598e-06

           Step           Time
          22300       44.60000

   Energies (kJ/mol)
           Bond          Angle Ryckaert-Bell.          LJ-14     Coulomb-14
    1.34727e+02    1.35491e+03    1.68251e+02   -1.91627e+00    0.00000e+00
        LJ (SR)  Disper. corr.   Coulomb (SR)   Coul. recip.      Potential
    3.13454e+04   -1.47849e+03   -2.00105e+05    1.00095e+03   -1.67581e+05
    Kinetic En.   Total Energy  Conserved En.    Temperature Pres. DC (bar)
    2.98239e+04   -1.37757e+05   -7.88901e+04    3.01136e+02   -2.09688e+02
 Pressure (bar)   Constr. rmsd
    2.90680e+02    3.66358e-06

           Step           Time
          22400       44.80000

   Energies (kJ/mol)
           Bond          Angle Ryckaert-Bell.          LJ-14     Coulomb-14
    1.47952e+02    1.41084e+03    2.17235e+02    3.50422e+00    0.00000e+00
        LJ (SR)  Disper. corr.   Coulomb (SR)   Coul. recip.      Potential
    3.07634e+04   -1.47300e+03   -1.99015e+05    1.01252e+03   -1.66932e+05
    Kinetic En.   Total Energy  Conserved En.    Temperature Pres. DC (bar)
    2.92493e+04   -1.37683e+05   -7.88629e+04    2.95335e+02   -2.08137e+02
 Pressure (bar)   Constr. rmsd
    1.60537e+02    3.19964e-06

           Step           Time
          22500       45.00000

   Energies (kJ/mol)
           Bond          Angle Ryckaert-Bell.          LJ-14     Coulomb-14
    1.34204e+02    1.34065e+03    2.00356e+02    1.12808e+00    0.00000e+00
        LJ (SR)  Disper. corr.   Coulomb (SR)   Coul. recip.      Potential
    3.11662e+04   -1.46247e+03   -1.99597e+05    1.01924e+03   -1.67198e+05
    Kinetic En.   Total Energy  Conserved En.    Temperature Pres. DC (bar)
    2.98484e+04   -1.37350e+05   -7.88637e+04    3.01385e+02   -2.05175e+02
 Pressure (bar)   Constr. rmsd
    1.45063e+02    3.64265e-06

           Step           Time
          22600       45.20000

   Energies (kJ/mol)
           Bond          Angle Ryckaert-Bell.          LJ-14     Coulomb-14
    1.38262e+02    1.38667e+03    1.96891e+02    3.18445e+00    0.00000e+00
        LJ (SR)  Disper. corr.   Coulomb (SR)   Coul. recip.      Potential
    3.08067e+04   -1.45023e+03   -1.98963e+05    9.80141e+02   -1.66901e+05
    Kinetic En.   Total Energy  Conserved En.    Temperature Pres. DC (bar)
    2.95782e+04   -1.37323e+05   -7.88466e+04    2.98656e+02   -2.01759e+02
 Pressure (bar)   Constr. rmsd
   -1.36143e+02    3.40821e-06

           Step           Time
          22700       45.40000

   Energies (kJ/mol)
           Bond          Angle Ryckaert-Bell.          LJ-14     Coulomb-14
    1.41924e+02    1.39349e+03    1.83773e+02   -2.97484e-01    0.00000e+00
        LJ (SR)  Disper. corr.   Coulomb (SR)   Coul. recip.      Potential
    2.92969e+04   -1.44334e+03   -1.97286e+05    9.83855e+02   -1.66730e+05
    Kinetic En.   Total Energy  Conserved En.    Temperature Pres. DC (bar)
    2.92940e+04   -1.37436e+05   -7.88420e+04    2.95786e+02   -1.99847e+02
 Pressure (bar)   Constr. rmsd
   -8.72988e+02    3.33143e-06

           Step           Time
          22800       45.60000

   Energies (kJ/mol)
           Bond          Angle Ryckaert-Bell.          LJ-14     Coulomb-14
    1.41752e+02    1.43125e+03    2.07014e+02   -6.34041e-01    0.00000e+00
        LJ (SR)  Disper. corr.   Coulomb (SR)   Coul. recip.      Potential
    3.11008e+04   -1.45098e+03   -1.99031e+05    9.67050e+02   -1.66635e+05
    Kinetic En.   Total Energy  Conserved En.    Temperature Pres. DC (bar)
    2.97050e+04   -1.36930e+05   -7.88497e+04    2.99936e+02   -2.01968e+02
 Pressure (bar)   Constr. rmsd
    3.29297e+01    3.39964e-06

           Step           Time
          22900       45.80000

   Energies (kJ/mol)
           Bond          Angle Ryckaert-Bell.          LJ-14     Coulomb-14
    1.53387e+02    1.31586e+03    1.84350e+02   -3.13630e+00    0.00000e+00
        LJ (SR)  Disper. corr.   Coulomb (SR)   Coul. recip.      Potential
    3.07650e+04   -1.45865e+03   -1.98323e+05    9.66662e+02   -1.66399e+05
    Kinetic En.   Total Energy  Conserved En.    Temperature Pres. DC (bar)
    2.94855e+04   -1.36914e+05   -7.88430e+04    2.97720e+02   -2.04105e+02
 Pressure (bar)   Constr. rmsd
    1.35735e+02    3.73333e-06

           Step           Time
          23000       46.00000

   Energies (kJ/mol)
           Bond          Angle Ryckaert-Bell.          LJ-14     Coulomb-14
    1.33161e+02    1.35927e+03    1.78667e+02   -1.08197e+00    0.00000e+00
        LJ (SR)  Disper. corr.   Coulomb (SR)   Coul. recip.      Potential
    3.06543e+04   -1.45966e+03   -1.98757e+05    9.86788e+02   -1.66906e+05
    Kinetic En.   Total Energy  Conserved En.    Temperature Pres. DC (bar)
    2.97651e+04   -1.37141e+05   -7.88471e+04    3.00543e+02   -2.04389e+02
 Pressure (bar)   Constr. rmsd
   -7.61224e+01    3.41705e-06

           Step           Time
          23100       46.20000

   Energies (kJ/mol)
           Bond          Angle Ryckaert-Bell.          LJ-14     Coulomb-14
    1.44159e+02    1.35861e+03    1.67521e+02   -3.39292e-01    0.00000e+00
        LJ (SR)  Disper. corr.   Coulomb (SR)   Coul. recip.      Potential
    3.07665e+04   -1.45773e+03   -1.98571e+05    9.71007e+02   -1.66622e+05
    Kinetic En.   Total Energy  Conserved En.    Temperature Pres. DC (bar)
    2.95775e+04   -1.37044e+05   -7.88482e+04    2.98649e+02   -2.03850e+02
 Pressure (bar)   Constr. rmsd
   -8.99858e+01    3.38691e-06

           Step           Time
          23200       46.40000

   Energies (kJ/mol)
           Bond          Angle Ryckaert-Bell.          LJ-14     Coulomb-14
    1.44733e+02    1.34056e+03    1.69049e+02    2.49268e-01    0.00000e+00
        LJ (SR)  Disper. corr.   Coulomb (SR)   Coul. recip.      Potential
    3.07433e+04   -1.45648e+03   -1.98729e+05    9.77426e+02   -1.66810e+05
    Kinetic En.   Total Energy  Conserved En.    Temperature Pres. DC (bar)
    2.98913e+04   -1.36919e+05   -7.88540e+04    3.01817e+02   -2.03500e+02
 Pressure (bar)   Constr. rmsd
   -8.69712e+01    3.22639e-06

           Step           Time
          23300       46.60000

   Energies (kJ/mol)
           Bond          Angle Ryckaert-Bell.          LJ-14     Coulomb-14
    1.21792e+02    1.45052e+03    1.71133e+02    1.21498e+00    0.00000e+00
        LJ (SR)  Disper. corr.   Coulomb (SR)   Coul. recip.      Potential
    3.06818e+04   -1.45173e+03   -1.98956e+05    9.93186e+02   -1.66988e+05
    Kinetic En.   Total Energy  Conserved En.    Temperature Pres. DC (bar)
    3.02181e+04   -1.36770e+05   -7.88449e+04    3.05117e+02   -2.02175e+02
 Pressure (bar)   Constr. rmsd
   -1.12092e+02    3.08844e-06

           Step           Time
          23400       46.80000

   Energies (kJ/mol)
           Bond          Angle Ryckaert-Bell.          LJ-14     Coulomb-14
    1.55149e+02    1.38172e+03    1.82281e+02    1.97981e-01    0.00000e+00
        LJ (SR)  Disper. corr.   Coulomb (SR)   Coul. recip.      Potential
    3.04403e+04   -1.44646e+03   -1.98055e+05    1.00807e+03   -1.66334e+05
    Kinetic En.   Total Energy  Conserved En.    Temperature Pres. DC (bar)
    2.92975e+04   -1.37036e+05   -7.88473e+04    2.95822e+02   -2.00713e+02
 Pressure (bar)   Constr. rmsd
   -1.90613e+02    3.55875e-06

           Step           Time
          23500       47.00000

   Energies (kJ/mol)
           Bond          Angle Ryckaert-Bell.          LJ-14     Coulomb-14
    1.14119e+02    1.40225e+03    1.83168e+02   -2.41223e+00    0.00000e+00
        LJ (SR)  Disper. corr.   Coulomb (SR)   Coul. recip.      Potential
    3.04982e+04   -1.44764e+03   -1.98083e+05    9.66340e+02   -1.66369e+05
    Kinetic En.   Total Energy  Conserved En.    Temperature Pres. DC (bar)
    2.93211e+04   -1.37048e+05   -7.88465e+04    2.96060e+02   -2.01038e+02
 Pressure (bar)   Constr. rmsd
   -2.62791e+02    3.32610e-06

           Step           Time
          23600       47.20000

   Energies (kJ/mol)
           Bond          Angle Ryckaert-Bell.          LJ-14     Coulomb-14
    1.44769e+02    1.41031e+03    1.83898e+02    1.09837e+00    0.00000e+00
        LJ (SR)  Disper. corr.   Coulomb (SR)   Coul. recip.      Potential
    3.05306e+04   -1.45590e+03   -1.98521e+05    9.77967e+02   -1.66729e+05
    Kinetic En.   Total Energy  Conserved En.    Temperature Pres. DC (bar)
    2.98758e+04   -1.36853e+05   -7.88466e+04    3.01660e+02   -2.03339e+02
 Pressure (bar)   Constr. rmsd
   -1.40642e+02    3.09847e-06

           Step           Time
          23700       47.40000

   Energies (kJ/mol)
           Bond          Angle Ryckaert-Bell.          LJ-14     Coulomb-14
    1.00515e+02    1.42321e+03    1.89902e+02    1.63645e+00    0.00000e+00
        LJ (SR)  Disper. corr.   Coulomb (SR)   Coul. recip.      Potential
    3.13620e+04   -1.46715e+03   -1.99198e+05    9.89170e+02   -1.66599e+05
    Kinetic En.   Total Energy  Conserved En.    Temperature Pres. DC (bar)
    2.98438e+04   -1.36755e+05   -7.88256e+04    3.01338e+02   -2.06488e+02
 Pressure (bar)   Constr. rmsd
    3.90175e+02    3.23126e-06

           Step           Time
          23800       47.60000

   Energies (kJ/mol)
           Bond          Angle Ryckaert-Bell.          LJ-14     Coulomb-14
    1.41052e+02    1.39578e+03    2.29359e+02    4.10904e+00    0.00000e+00
        LJ (SR)  Disper. corr.   Coulomb (SR)   Coul. recip.      Potential
    3.12874e+04   -1.47021e+03   -1.99723e+05    1.01916e+03   -1.67117e+05
    Kinetic En.   Total Energy  Conserved En.    Temperature Pres. DC (bar)
    2.96002e+04   -1.37517e+05   -7.88224e+04    2.98878e+02   -2.07348e+02
 Pressure (bar)   Constr. rmsd
    2.00693e+02    3.39209e-06

           Step           Time
          23900       47.80000

   Energies (kJ/mol)
           Bond          Angle Ryckaert-Bell.          LJ-14     Coulomb-14
    1.23219e+02    1.36762e+03    2.10197e+02   -8.81179e-01    0.00000e+00
        LJ (SR)  Disper. corr.   Coulomb (SR)   Coul. recip.      Potential
    3.04831e+04   -1.46570e+03   -1.98709e+05    1.00391e+03   -1.66988e+05
    Kinetic En.   Total Energy  Conserved En.    Temperature Pres. DC (bar)
    2.97615e+04   -1.37226e+05   -7.88318e+04    3.00507e+02   -2.06081e+02
 Pressure (bar)   Constr. rmsd
   -1.25867e+02    3.68785e-06

           Step           Time
          24000       48.00000

   Energies (kJ/mol)
           Bond          Angle Ryckaert-Bell.          LJ-14     Coulomb-14
    1.15039e+02    1.35827e+03    2.18431e+02    6.56617e-01    0.00000e+00
        LJ (SR)  Disper. corr.   Coulomb (SR)   Coul. recip.      Potential
    3.08384e+04   -1.45872e+03   -1.99690e+05    9.32085e+02   -1.67686e+05
    Kinetic En.   Total Energy  Conserved En.    Temperature Pres. DC (bar)
    2.94660e+04   -1.38220e+05   -7.88318e+04    2.97523e+02   -2.04124e+02
 Pressure (bar)   Constr. rmsd
   -2.20418e+02    3.20527e-06

           Step           Time
          24100       48.20000

   Energies (kJ/mol)
           Bond          Angle Ryckaert-Bell.          LJ-14     Coulomb-14
    1.47428e+02    1.33651e+03    2.19470e+02    1.75782e+00    0.00000e+00
        LJ (SR)  Disper. corr.   Coulomb (SR)   Coul. recip.      Potential
    3.02412e+04   -1.45472e+03   -1.98436e+05    9.86241e+02   -1.66958e+05
    Kinetic En.   Total Energy  Conserved En.    Temperature Pres. DC (bar)
    2.87818e+04   -1.38176e+05   -7.88241e+04    2.90615e+02   -2.03008e+02
 Pressure (bar)   Constr. rmsd
   -4.82088e+02    3.16272e-06

           Step           Time
          24200       48.40000

   Energies (kJ/mol)
           Bond          Angle Ryckaert-Bell.          LJ-14     Coulomb-14
    1.21207e+02    1.42352e+03    2.09858e+02    5.59653e+00    0.00000e+00
        LJ (SR)  Disper. corr.   Coulomb (SR)   Coul. recip.      Potential
    3.16563e+04   -1.46009e+03   -2.00497e+05    1.03048e+03   -1.67510e+05
    Kinetic En.   Total Energy  Conserved En.    Temperature Pres. DC (bar)
    2.97581e+04   -1.37752e+05   -7.88143e+04    3.00472e+02   -2.04507e+02
 Pressure (bar)   Constr. rmsd
    1.99754e+02    2.98185e-06

           Step           Time
          24300       48.60000

   Energies (kJ/mol)
           Bond          Angle Ryckaert-Bell.          LJ-14     Coulomb-14
    1.42940e+02    1.41110e+03    1.88926e+02    3.85485e+00    0.00000e+00
        LJ (SR)  Disper. corr.   Coulomb (SR)   Coul. recip.      Potential
    3.12121e+04   -1.46221e+03   -1.99820e+05    9.78368e+02   -1.67345e+05
    Kinetic En.   Total Energy  Conserved En.    Temperature Pres. DC (bar)
    2.95867e+04   -1.37758e+05   -7.88171e+04    2.98742e+02   -2.05101e+02
 Pressure (bar)   Constr. rmsd
    4.45076e+01    3.42885e-06

           Step           Time
          24400       48.80000

   Energies (kJ/mol)
           Bond          Angle Ryckaert-Bell.          LJ-14     Coulomb-14
    1.34421e+02    1.43210e+03    2.29753e+02    3.68520e+00    0.00000e+00
        LJ (SR)  Disper. corr.   Coulomb (SR)   Coul. recip.      Potential
    3.15622e+04   -1.45929e+03   -1.99863e+05    9.71532e+02   -1.66988e+05
    Kinetic En.   Total Energy  Conserved En.    Temperature Pres. DC (bar)
    3.00729e+04   -1.36915e+05   -7.88181e+04    3.03651e+02   -2.04284e+02
 Pressure (bar)   Constr. rmsd
    2.06151e+02    3.31295e-06

           Step           Time
          24500       49.00000

   Energies (kJ/mol)
           Bond          Angle Ryckaert-Bell.          LJ-14     Coulomb-14
    1.43785e+02    1.41203e+03    1.93414e+02    1.46694e+00    0.00000e+00
        LJ (SR)  Disper. corr.   Coulomb (SR)   Coul. recip.      Potential
    3.07822e+04   -1.45233e+03   -1.98837e+05    9.81402e+02   -1.66775e+05
    Kinetic En.   Total Energy  Conserved En.    Temperature Pres. DC (bar)
    2.94488e+04   -1.37327e+05   -7.88152e+04    2.97349e+02   -2.02343e+02
 Pressure (bar)   Constr. rmsd
   -1.30503e+02    3.51453e-06

           Step           Time
          24600       49.20000

   Energies (kJ/mol)
           Bond          Angle Ryckaert-Bell.          LJ-14     Coulomb-14
    1.32782e+02    1.33414e+03    1.88551e+02   -4.37930e+00    0.00000e+00
        LJ (SR)  Disper. corr.   Coulomb (SR)   Coul. recip.      Potential
    3.04852e+04   -1.45074e+03   -1.98615e+05    9.55180e+02   -1.66975e+05
    Kinetic En.   Total Energy  Conserved En.    Temperature Pres. DC (bar)
    2.94102e+04   -1.37564e+05   -7.88246e+04    2.96960e+02   -2.01900e+02
 Pressure (bar)   Constr. rmsd
   -3.36629e+02    3.27488e-06

           Step           Time
          24700       49.40000

   Energies (kJ/mol)
           Bond          Angle Ryckaert-Bell.          LJ-14     Coulomb-14
    1.47192e+02    1.46519e+03    1.94721e+02    1.05632e+00    0.00000e+00
        LJ (SR)  Disper. corr.   Coulomb (SR)   Coul. recip.      Potential
    3.07729e+04   -1.45707e+03   -1.98671e+05    9.89199e+02   -1.66558e+05
    Kinetic En.   Total Energy  Conserved En.    Temperature Pres. DC (bar)
    2.93552e+04   -1.37203e+05   -7.88117e+04    2.96404e+02   -2.03663e+02
 Pressure (bar)   Constr. rmsd
   -7.43832e+01    3.28342e-06

           Step           Time
          24800       49.60000

   Energies (kJ/mol)
           Bond          Angle Ryckaert-Bell.          LJ-14     Coulomb-14
    1.13119e+02    1.39576e+03    1.88857e+02    8.75837e-01    0.00000e+00
        LJ (SR)  Disper. corr.   Coulomb (SR)   Coul. recip.      Potential
    3.09438e+04   -1.46497e+03   -1.99106e+05    9.74330e+02   -1.66954e+05
    Kinetic En.   Total Energy  Conserved En.    Temperature Pres. DC (bar)
    3.01943e+04   -1.36760e+05   -7.88210e+04    3.04877e+02   -2.05877e+02
 Pressure (bar)   Constr. rmsd
    5.15327e+01    3.74331e-06

           Step           Time
          24900       49.80000

   Energies (kJ/mol)
           Bond          Angle Ryckaert-Bell.          LJ-14     Coulomb-14
    1.56450e+02    1.39703e+03    1.86373e+02    1.10452e+00    0.00000e+00
        LJ (SR)  Disper. corr.   Coulomb (SR)   Coul. recip.      Potential
    3.09406e+04   -1.47010e+03   -1.99092e+05    9.78648e+02   -1.66902e+05
    Kinetic En.   Total Energy  Conserved En.    Temperature Pres. DC (bar)
    3.00022e+04   -1.36899e+05   -7.88048e+04    3.02937e+02   -2.07319e+02
 Pressure (bar)   Constr. rmsd
    1.81419e+02    3.54389e-06

           Step           Time
          25000       50.00000

   Energies (kJ/mol)
           Bond          Angle Ryckaert-Bell.          LJ-14     Coulomb-14
    9.63365e+01    1.40184e+03    2.37511e+02   -1.18688e-01    0.00000e+00
        LJ (SR)  Disper. corr.   Coulomb (SR)   Coul. recip.      Potential
    3.08339e+04   -1.47093e+03   -1.98779e+05    9.96230e+02   -1.66684e+05
    Kinetic En.   Total Energy  Conserved En.    Temperature Pres. DC (bar)
    2.99806e+04   -1.36704e+05   -7.88106e+04    3.02719e+02   -2.07553e+02
 Pressure (bar)   Constr. rmsd
    2.25648e+02    3.59984e-06

Writing checkpoint, step 25050 at Mon Dec 16 21:09:36 2024


           Step           Time
          25100       50.20000

   Energies (kJ/mol)
           Bond          Angle Ryckaert-Bell.          LJ-14     Coulomb-14
    1.54942e+02    1.43493e+03    2.06830e+02    2.41394e+00    0.00000e+00
        LJ (SR)  Disper. corr.   Coulomb (SR)   Coul. recip.      Potential
    3.11893e+04   -1.46742e+03   -1.98976e+05    1.01832e+03   -1.66437e+05
    Kinetic En.   Total Energy  Conserved En.    Temperature Pres. DC (bar)
    3.02984e+04   -1.36139e+05   -7.88077e+04    3.05928e+02   -2.06565e+02
 Pressure (bar)   Constr. rmsd
    3.29491e+02    3.57148e-06

           Step           Time
          25200       50.40000

   Energies (kJ/mol)
           Bond          Angle Ryckaert-Bell.          LJ-14     Coulomb-14
    1.35321e+02    1.45605e+03    1.91304e+02    6.95261e+00    0.00000e+00
        LJ (SR)  Disper. corr.   Coulomb (SR)   Coul. recip.      Potential
    2.99766e+04   -1.45691e+03   -1.97415e+05    9.34856e+02   -1.66171e+05
    Kinetic En.   Total Energy  Conserved En.    Temperature Pres. DC (bar)
    2.97867e+04   -1.36384e+05   -7.87916e+04    3.00761e+02   -2.03620e+02
 Pressure (bar)   Constr. rmsd
   -3.69716e+02    3.61450e-06

           Step           Time
          25300       50.60000

   Energies (kJ/mol)
           Bond          Angle Ryckaert-Bell.          LJ-14     Coulomb-14
    1.46463e+02    1.38693e+03    2.08710e+02    5.20540e+00    0.00000e+00
        LJ (SR)  Disper. corr.   Coulomb (SR)   Coul. recip.      Potential
    3.07831e+04   -1.45053e+03   -1.98088e+05    1.00654e+03   -1.66001e+05
    Kinetic En.   Total Energy  Conserved En.    Temperature Pres. DC (bar)
    2.95643e+04   -1.36437e+05   -7.87948e+04    2.98516e+02   -2.01841e+02
 Pressure (bar)   Constr. rmsd
   -1.09275e+02    3.55070e-06

           Step           Time
          25400       50.80000

   Energies (kJ/mol)
           Bond          Angle Ryckaert-Bell.          LJ-14     Coulomb-14
    1.32236e+02    1.35846e+03    1.76155e+02   -1.33725e+00    0.00000e+00
        LJ (SR)  Disper. corr.   Coulomb (SR)   Coul. recip.      Potential
    3.07850e+04   -1.44624e+03   -1.98602e+05    9.53588e+02   -1.66644e+05
    Kinetic En.   Total Energy  Conserved En.    Temperature Pres. DC (bar)
    2.98960e+04   -1.36748e+05   -7.88073e+04    3.01864e+02   -2.00650e+02
 Pressure (bar)   Constr. rmsd
   -9.59336e+01    3.40063e-06

           Step           Time
          25500       51.00000

   Energies (kJ/mol)
           Bond          Angle Ryckaert-Bell.          LJ-14     Coulomb-14
    1.22852e+02    1.46440e+03    2.05751e+02    1.63258e+00    0.00000e+00
        LJ (SR)  Disper. corr.   Coulomb (SR)   Coul. recip.      Potential
    3.02162e+04   -1.44468e+03   -1.97739e+05    9.56457e+02   -1.66217e+05
    Kinetic En.   Total Energy  Conserved En.    Temperature Pres. DC (bar)
    2.95344e+04   -1.36682e+05   -7.87953e+04    2.98213e+02   -2.00219e+02
 Pressure (bar)   Constr. rmsd
   -2.90893e+02    3.52814e-06

           Step           Time
          25600       51.20000

   Energies (kJ/mol)
           Bond          Angle Ryckaert-Bell.          LJ-14     Coulomb-14
    1.55981e+02    1.41634e+03    1.78388e+02    7.51994e-01    0.00000e+00
        LJ (SR)  Disper. corr.   Coulomb (SR)   Coul. recip.      Potential
    3.14667e+04   -1.44933e+03   -1.99472e+05    1.03053e+03   -1.66672e+05
    Kinetic En.   Total Energy  Conserved En.    Temperature Pres. DC (bar)
    2.97853e+04   -1.36887e+05   -7.87850e+04    3.00747e+02   -2.01510e+02
 Pressure (bar)   Constr. rmsd
    2.13471e+02    3.62592e-06

           Step           Time
          25700       51.40000

   Energies (kJ/mol)
           Bond          Angle Ryckaert-Bell.          LJ-14     Coulomb-14
    1.43751e+02    1.45962e+03    1.92133e+02    3.14776e+00    0.00000e+00
        LJ (SR)  Disper. corr.   Coulomb (SR)   Coul. recip.      Potential
    3.12777e+04   -1.45418e+03   -1.98946e+05    9.02361e+02   -1.66422e+05
    Kinetic En.   Total Energy  Conserved En.    Temperature Pres. DC (bar)
    2.94384e+04   -1.36983e+05   -7.87839e+04    2.97244e+02   -2.02857e+02
 Pressure (bar)   Constr. rmsd
    1.16177e+02    3.71632e-06

           Step           Time
          25800       51.60000

   Energies (kJ/mol)
           Bond          Angle Ryckaert-Bell.          LJ-14     Coulomb-14
    1.40468e+02    1.43664e+03    1.88943e+02   -5.01673e+00    0.00000e+00
        LJ (SR)  Disper. corr.   Coulomb (SR)   Coul. recip.      Potential
    3.15167e+04   -1.45938e+03   -1.99154e+05    9.80810e+02   -1.66355e+05
    Kinetic En.   Total Energy  Conserved En.    Temperature Pres. DC (bar)
    3.00788e+04   -1.36276e+05   -7.87919e+04    3.03710e+02   -2.04308e+02
 Pressure (bar)   Constr. rmsd
    2.73963e+02    3.94584e-06

           Step           Time
          25900       51.80000

   Energies (kJ/mol)
           Bond          Angle Ryckaert-Bell.          LJ-14     Coulomb-14
    1.56810e+02    1.49608e+03    1.80322e+02   -1.39532e+00    0.00000e+00
        LJ (SR)  Disper. corr.   Coulomb (SR)   Coul. recip.      Potential
    3.11631e+04   -1.45985e+03   -1.98843e+05    1.01067e+03   -1.66297e+05
    Kinetic En.   Total Energy  Conserved En.    Temperature Pres. DC (bar)
    2.94965e+04   -1.36801e+05   -7.87786e+04    2.97831e+02   -2.04440e+02
 Pressure (bar)   Constr. rmsd
    2.28282e+02    3.37651e-06

           Step           Time
          26000       52.00000

   Energies (kJ/mol)
           Bond          Angle Ryckaert-Bell.          LJ-14     Coulomb-14
    1.34741e+02    1.33924e+03    2.20708e+02    6.47293e+00    0.00000e+00
        LJ (SR)  Disper. corr.   Coulomb (SR)   Coul. recip.      Potential
    3.17644e+04   -1.45533e+03   -2.00064e+05    9.96315e+02   -1.67057e+05
    Kinetic En.   Total Energy  Conserved En.    Temperature Pres. DC (bar)
    3.00302e+04   -1.37027e+05   -7.87984e+04    3.03220e+02   -2.03179e+02
 Pressure (bar)   Constr. rmsd
    3.31343e+02    3.75292e-06

           Step           Time
          26100       52.20000

   Energies (kJ/mol)
           Bond          Angle Ryckaert-Bell.          LJ-14     Coulomb-14
    1.55872e+02    1.35698e+03    2.05870e+02    3.03062e+00    0.00000e+00
        LJ (SR)  Disper. corr.   Coulomb (SR)   Coul. recip.      Potential
    3.03653e+04   -1.44776e+03   -1.98261e+05    9.69680e+02   -1.66652e+05
    Kinetic En.   Total Energy  Conserved En.    Temperature Pres. DC (bar)
    2.96987e+04   -1.36953e+05   -7.87915e+04    2.99873e+02   -2.01072e+02
 Pressure (bar)   Constr. rmsd
   -3.36929e+02    3.51198e-06

           Step           Time
          26200       52.40000

   Energies (kJ/mol)
           Bond          Angle Ryckaert-Bell.          LJ-14     Coulomb-14
    1.40616e+02    1.33877e+03    2.18285e+02    4.65578e+00    0.00000e+00
        LJ (SR)  Disper. corr.   Coulomb (SR)   Coul. recip.      Potential
    3.06343e+04   -1.44763e+03   -1.97825e+05    1.02127e+03   -1.65915e+05
    Kinetic En.   Total Energy  Conserved En.    Temperature Pres. DC (bar)
    3.00992e+04   -1.35816e+05   -7.87975e+04    3.03916e+02   -2.01037e+02
 Pressure (bar)   Constr. rmsd
   -8.14588e+01    3.51711e-06

           Step           Time
          26300       52.60000

   Energies (kJ/mol)
           Bond          Angle Ryckaert-Bell.          LJ-14     Coulomb-14
    1.37175e+02    1.39822e+03    1.71033e+02   -8.62756e-01    0.00000e+00
        LJ (SR)  Disper. corr.   Coulomb (SR)   Coul. recip.      Potential
    3.10349e+04   -1.45118e+03   -1.98682e+05    1.02196e+03   -1.66371e+05
    Kinetic En.   Total Energy  Conserved En.    Temperature Pres. DC (bar)
    2.95695e+04   -1.36802e+05   -7.87861e+04    2.98568e+02   -2.02021e+02
 Pressure (bar)   Constr. rmsd
    1.23160e+02    3.50677e-06

           Step           Time
          26400       52.80000

   Energies (kJ/mol)
           Bond          Angle Ryckaert-Bell.          LJ-14     Coulomb-14
    1.42410e+02    1.49558e+03    2.17881e+02    2.95936e+00    0.00000e+00
        LJ (SR)  Disper. corr.   Coulomb (SR)   Coul. recip.      Potential
    3.12569e+04   -1.45584e+03   -1.99691e+05    9.84091e+02   -1.67047e+05
    Kinetic En.   Total Energy  Conserved En.    Temperature Pres. DC (bar)
    2.96778e+04   -1.37369e+05   -7.87725e+04    2.99661e+02   -2.03322e+02
 Pressure (bar)   Constr. rmsd
    1.23543e+02    3.27749e-06

           Step           Time
          26500       53.00000

   Energies (kJ/mol)
           Bond          Angle Ryckaert-Bell.          LJ-14     Coulomb-14
    1.04780e+02    1.45390e+03    1.78409e+02   -3.15071e+00    0.00000e+00
        LJ (SR)  Disper. corr.   Coulomb (SR)   Coul. recip.      Potential
    3.13031e+04   -1.46005e+03   -1.99381e+05    9.80495e+02   -1.66824e+05
    Kinetic En.   Total Energy  Conserved En.    Temperature Pres. DC (bar)
    2.94072e+04   -1.37417e+05   -7.87770e+04    2.96930e+02   -2.04496e+02
 Pressure (bar)   Constr. rmsd
    1.28114e+02    3.37054e-06

           Step           Time
          26600       53.20000

   Energies (kJ/mol)
           Bond          Angle Ryckaert-Bell.          LJ-14     Coulomb-14
    1.78439e+02    1.43159e+03    2.09822e+02    3.88554e+00    0.00000e+00
        LJ (SR)  Disper. corr.   Coulomb (SR)   Coul. recip.      Potential
    3.11605e+04   -1.46277e+03   -1.99632e+05    9.68681e+02   -1.67142e+05
    Kinetic En.   Total Energy  Conserved En.    Temperature Pres. DC (bar)
    2.93437e+04   -1.37798e+05   -7.87751e+04    2.96288e+02   -2.05259e+02
 Pressure (bar)   Constr. rmsd
    7.47947e+01    3.36084e-06

           Step           Time
          26700       53.40000

   Energies (kJ/mol)
           Bond          Angle Ryckaert-Bell.          LJ-14     Coulomb-14
    1.17394e+02    1.36213e+03    2.06012e+02    7.29980e+00    0.00000e+00
        LJ (SR)  Disper. corr.   Coulomb (SR)   Coul. recip.      Potential
    3.10281e+04   -1.46228e+03   -1.99007e+05    1.02413e+03   -1.66724e+05
    Kinetic En.   Total Energy  Conserved En.    Temperature Pres. DC (bar)
    2.96756e+04   -1.37048e+05   -7.87856e+04    2.99639e+02   -2.05120e+02
 Pressure (bar)   Constr. rmsd
    2.11972e+02    3.58607e-06

           Step           Time
          26800       53.60000

   Energies (kJ/mol)
           Bond          Angle Ryckaert-Bell.          LJ-14     Coulomb-14
    1.65972e+02    1.42282e+03    1.88896e+02    5.69842e+00    0.00000e+00
        LJ (SR)  Disper. corr.   Coulomb (SR)   Coul. recip.      Potential
    3.08162e+04   -1.45429e+03   -1.98690e+05    1.00575e+03   -1.66539e+05
    Kinetic En.   Total Energy  Conserved En.    Temperature Pres. DC (bar)
    2.93739e+04   -1.37165e+05   -7.87726e+04    2.96593e+02   -2.02888e+02
 Pressure (bar)   Constr. rmsd
    4.71864e+01    3.60437e-06

           Step           Time
          26900       53.80000

   Energies (kJ/mol)
           Bond          Angle Ryckaert-Bell.          LJ-14     Coulomb-14
    1.26040e+02    1.37084e+03    1.93990e+02   -2.43940e+00    0.00000e+00
        LJ (SR)  Disper. corr.   Coulomb (SR)   Coul. recip.      Potential
    3.04489e+04   -1.44307e+03   -1.98506e+05    9.82599e+02   -1.66829e+05
    Kinetic En.   Total Energy  Conserved En.    Temperature Pres. DC (bar)
    2.93434e+04   -1.37486e+05   -7.87745e+04    2.96285e+02   -1.99775e+02
 Pressure (bar)   Constr. rmsd
   -3.45860e+02    3.29576e-06

           Step           Time
          27000       54.00000

   Energies (kJ/mol)
           Bond          Angle Ryckaert-Bell.          LJ-14     Coulomb-14
    1.47922e+02    1.44849e+03    1.62179e+02   -3.49191e+00    0.00000e+00
        LJ (SR)  Disper. corr.   Coulomb (SR)   Coul. recip.      Potential
    3.10512e+04   -1.43715e+03   -1.99158e+05    9.59044e+02   -1.66830e+05
    Kinetic En.   Total Energy  Conserved En.    Temperature Pres. DC (bar)
    2.94091e+04   -1.37421e+05   -7.87574e+04    2.96949e+02   -1.98139e+02
 Pressure (bar)   Constr. rmsd
   -1.29189e+02    3.44762e-06

           Step           Time
          27100       54.20000

   Energies (kJ/mol)
           Bond          Angle Ryckaert-Bell.          LJ-14     Coulomb-14
    1.51204e+02    1.41122e+03    1.95039e+02   -2.34597e-01    0.00000e+00
        LJ (SR)  Disper. corr.   Coulomb (SR)   Coul. recip.      Potential
    3.10740e+04   -1.43501e+03   -1.99388e+05    1.02449e+03   -1.66967e+05
    Kinetic En.   Total Energy  Conserved En.    Temperature Pres. DC (bar)
    2.97440e+04   -1.37223e+05   -7.87579e+04    3.00330e+02   -1.97550e+02
 Pressure (bar)   Constr. rmsd
   -2.05865e+02    3.38829e-06

           Step           Time
          27200       54.40000

   Energies (kJ/mol)
           Bond          Angle Ryckaert-Bell.          LJ-14     Coulomb-14
    1.40645e+02    1.44567e+03    1.81765e+02   -7.32839e-01    0.00000e+00
        LJ (SR)  Disper. corr.   Coulomb (SR)   Coul. recip.      Potential
    3.12170e+04   -1.43854e+03   -1.99415e+05    9.97681e+02   -1.66872e+05
    Kinetic En.   Total Energy  Conserved En.    Temperature Pres. DC (bar)
    2.96462e+04   -1.37226e+05   -7.87529e+04    2.99342e+02   -1.98523e+02
 Pressure (bar)   Constr. rmsd
   -2.18479e+02    3.74209e-06

           Step           Time
          27300       54.60000

   Energies (kJ/mol)
           Bond          Angle Ryckaert-Bell.          LJ-14     Coulomb-14
    1.71311e+02    1.44849e+03    1.84272e+02   -3.29527e+00    0.00000e+00
        LJ (SR)  Disper. corr.   Coulomb (SR)   Coul. recip.      Potential
    3.12641e+04   -1.44904e+03   -1.99760e+05    9.47705e+02   -1.67196e+05
    Kinetic En.   Total Energy  Conserved En.    Temperature Pres. DC (bar)
    2.95842e+04   -1.37612e+05   -7.87434e+04    2.98716e+02   -2.01429e+02
 Pressure (bar)   Constr. rmsd
   -5.12432e+01    3.30836e-06

           Step           Time
          27400       54.80000

   Energies (kJ/mol)
           Bond          Angle Ryckaert-Bell.          LJ-14     Coulomb-14
    1.34051e+02    1.46497e+03    1.84251e+02    3.51118e+00    0.00000e+00
        LJ (SR)  Disper. corr.   Coulomb (SR)   Coul. recip.      Potential
    3.21503e+04   -1.46029e+03   -2.00554e+05    9.67604e+02   -1.67109e+05
    Kinetic En.   Total Energy  Conserved En.    Temperature Pres. DC (bar)
    3.01507e+04   -1.36959e+05   -7.87415e+04    3.04436e+02   -2.04565e+02
 Pressure (bar)   Constr. rmsd
    4.99188e+02    3.74892e-06

           Step           Time
          27500       55.00000

   Energies (kJ/mol)
           Bond          Angle Ryckaert-Bell.          LJ-14     Coulomb-14
    1.47162e+02    1.51951e+03    2.12934e+02    7.39715e+00    0.00000e+00
        LJ (SR)  Disper. corr.   Coulomb (SR)   Coul. recip.      Potential
    3.12832e+04   -1.46345e+03   -1.99948e+05    9.84811e+02   -1.67256e+05
    Kinetic En.   Total Energy  Conserved En.    Temperature Pres. DC (bar)
    2.93792e+04   -1.37877e+05   -7.87332e+04    2.96647e+02   -2.05449e+02
 Pressure (bar)   Constr. rmsd
    1.53678e+02    3.26376e-06

           Step           Time
          27600       55.20000

   Energies (kJ/mol)
           Bond          Angle Ryckaert-Bell.          LJ-14     Coulomb-14
    1.36539e+02    1.40001e+03    1.89775e+02    1.48825e+00    0.00000e+00
        LJ (SR)  Disper. corr.   Coulomb (SR)   Coul. recip.      Potential
    3.12245e+04   -1.46365e+03   -1.99565e+05    9.95561e+02   -1.67080e+05
    Kinetic En.   Total Energy  Conserved En.    Temperature Pres. DC (bar)
    2.93862e+04   -1.37694e+05   -7.87435e+04    2.96718e+02   -2.05505e+02
 Pressure (bar)   Constr. rmsd
    1.42767e+02    3.57738e-06

           Step           Time
          27700       55.40000

   Energies (kJ/mol)
           Bond          Angle Ryckaert-Bell.          LJ-14     Coulomb-14
    1.41595e+02    1.42178e+03    1.99805e+02   -1.70852e+00    0.00000e+00
        LJ (SR)  Disper. corr.   Coulomb (SR)   Coul. recip.      Potential
    3.17413e+04   -1.46127e+03   -1.99745e+05    9.70045e+02   -1.66733e+05
    Kinetic En.   Total Energy  Conserved En.    Temperature Pres. DC (bar)
    2.95426e+04   -1.37191e+05   -7.87438e+04    2.98296e+02   -2.04838e+02
 Pressure (bar)   Constr. rmsd
    3.49371e+02    3.26185e-06

           Step           Time
          27800       55.60000

   Energies (kJ/mol)
           Bond          Angle Ryckaert-Bell.          LJ-14     Coulomb-14
    1.33985e+02    1.40279e+03    1.87038e+02   -8.61393e-01    0.00000e+00
        LJ (SR)  Disper. corr.   Coulomb (SR)   Coul. recip.      Potential
    3.06013e+04   -1.45451e+03   -1.98760e+05    1.00146e+03   -1.66889e+05
    Kinetic En.   Total Energy  Conserved En.    Temperature Pres. DC (bar)
    2.94379e+04   -1.37451e+05   -7.87393e+04    2.97239e+02   -2.02949e+02
 Pressure (bar)   Constr. rmsd
   -2.39236e+02    3.47401e-06

           Step           Time
          27900       55.80000

   Energies (kJ/mol)
           Bond          Angle Ryckaert-Bell.          LJ-14     Coulomb-14
    1.43368e+02    1.47214e+03    1.83152e+02    4.64022e+00    0.00000e+00
        LJ (SR)  Disper. corr.   Coulomb (SR)   Coul. recip.      Potential
    3.13523e+04   -1.45235e+03   -1.99722e+05    9.63388e+02   -1.67056e+05
    Kinetic En.   Total Energy  Conserved En.    Temperature Pres. DC (bar)
    3.00638e+04   -1.36992e+05   -7.87387e+04    3.03559e+02   -2.02347e+02
 Pressure (bar)   Constr. rmsd
    1.14009e+02    3.41490e-06

           Step           Time
          28000       56.00000

   Energies (kJ/mol)
           Bond          Angle Ryckaert-Bell.          LJ-14     Coulomb-14
    1.54359e+02    1.45248e+03    2.01607e+02    8.12742e+00    0.00000e+00
        LJ (SR)  Disper. corr.   Coulomb (SR)   Coul. recip.      Potential
    3.14377e+04   -1.45069e+03   -2.00000e+05    1.00861e+03   -1.67188e+05
    Kinetic En.   Total Energy  Conserved En.    Temperature Pres. DC (bar)
    2.96174e+04   -1.37570e+05   -7.87403e+04    2.99052e+02   -2.01888e+02
 Pressure (bar)   Constr. rmsd
    1.03305e+02    3.45528e-06

           Step           Time
          28100       56.20000

   Energies (kJ/mol)
           Bond          Angle Ryckaert-Bell.          LJ-14     Coulomb-14
    1.46475e+02    1.43997e+03    1.70195e+02   -5.56010e-01    0.00000e+00
        LJ (SR)  Disper. corr.   Coulomb (SR)   Coul. recip.      Potential
    3.08588e+04   -1.44752e+03   -1.99235e+05    1.03605e+03   -1.67032e+05
    Kinetic En.   Total Energy  Conserved En.    Temperature Pres. DC (bar)
    2.98010e+04   -1.37231e+05   -7.87353e+04    3.00905e+02   -2.01007e+02
 Pressure (bar)   Constr. rmsd
   -1.37721e+02    3.12726e-06

           Step           Time
          28200       56.40000

   Energies (kJ/mol)
           Bond          Angle Ryckaert-Bell.          LJ-14     Coulomb-14
    1.55429e+02    1.50416e+03    1.67144e+02   -4.45349e+00    0.00000e+00
        LJ (SR)  Disper. corr.   Coulomb (SR)   Coul. recip.      Potential
    3.04531e+04   -1.44785e+03   -1.98668e+05    9.50144e+02   -1.66890e+05
    Kinetic En.   Total Energy  Conserved En.    Temperature Pres. DC (bar)
    2.98158e+04   -1.37075e+05   -7.87339e+04    3.01055e+02   -2.01098e+02
 Pressure (bar)   Constr. rmsd
   -2.74164e+02    3.56958e-06

           Step           Time
          28300       56.60000

   Energies (kJ/mol)
           Bond          Angle Ryckaert-Bell.          LJ-14     Coulomb-14
    1.42196e+02    1.40720e+03    1.78291e+02    3.03174e+00    0.00000e+00
        LJ (SR)  Disper. corr.   Coulomb (SR)   Coul. recip.      Potential
    3.09589e+04   -1.45617e+03   -1.98997e+05    1.00883e+03   -1.66755e+05
    Kinetic En.   Total Energy  Conserved En.    Temperature Pres. DC (bar)
    2.97142e+04   -1.37041e+05   -7.87326e+04    3.00030e+02   -2.03413e+02
 Pressure (bar)   Constr. rmsd
    6.52169e+01    3.71469e-06

           Step           Time
          28400       56.80000

   Energies (kJ/mol)
           Bond          Angle Ryckaert-Bell.          LJ-14     Coulomb-14
    1.49326e+02    1.39803e+03    2.12391e+02    5.31875e+00    0.00000e+00
        LJ (SR)  Disper. corr.   Coulomb (SR)   Coul. recip.      Potential
    3.09182e+04   -1.46584e+03   -1.99882e+05    9.86944e+02   -1.67677e+05
    Kinetic En.   Total Energy  Conserved En.    Temperature Pres. DC (bar)
    3.00349e+04   -1.37642e+05   -7.87249e+04    3.03268e+02   -2.06121e+02
 Pressure (bar)   Constr. rmsd
   -2.78063e+01    3.72983e-06

           Step           Time
          28500       57.00000

   Energies (kJ/mol)
           Bond          Angle Ryckaert-Bell.          LJ-14     Coulomb-14
    1.60313e+02    1.40649e+03    1.99729e+02    5.69903e+00    0.00000e+00
        LJ (SR)  Disper. corr.   Coulomb (SR)   Coul. recip.      Potential
    3.07614e+04   -1.47250e+03   -1.99038e+05    9.54134e+02   -1.67023e+05
    Kinetic En.   Total Energy  Conserved En.    Temperature Pres. DC (bar)
    2.97830e+04   -1.37240e+05   -7.87256e+04    3.00724e+02   -2.07994e+02
 Pressure (bar)   Constr. rmsd
    2.57893e+01    3.56092e-06

           Step           Time
          28600       57.20000

   Energies (kJ/mol)
           Bond          Angle Ryckaert-Bell.          LJ-14     Coulomb-14
    1.68378e+02    1.44801e+03    1.63596e+02   -3.79866e+00    0.00000e+00
        LJ (SR)  Disper. corr.   Coulomb (SR)   Coul. recip.      Potential
    3.09638e+04   -1.47520e+03   -1.99206e+05    9.23375e+02   -1.67018e+05
    Kinetic En.   Total Energy  Conserved En.    Temperature Pres. DC (bar)
    2.98595e+04   -1.37158e+05   -7.87167e+04    3.01497e+02   -2.08757e+02
 Pressure (bar)   Constr. rmsd
    1.66711e+02    3.81043e-06

           Step           Time
          28700       57.40000

   Energies (kJ/mol)
           Bond          Angle Ryckaert-Bell.          LJ-14     Coulomb-14
    1.79539e+02    1.45278e+03    2.21668e+02    3.89299e+00    0.00000e+00
        LJ (SR)  Disper. corr.   Coulomb (SR)   Coul. recip.      Potential
    3.14537e+04   -1.47385e+03   -1.99767e+05    9.36607e+02   -1.66993e+05
    Kinetic En.   Total Energy  Conserved En.    Temperature Pres. DC (bar)
    2.94305e+04   -1.37562e+05   -7.87164e+04    2.97165e+02   -2.08376e+02
 Pressure (bar)   Constr. rmsd
    3.11429e+02    3.71805e-06

           Step           Time
          28800       57.60000

   Energies (kJ/mol)
           Bond          Angle Ryckaert-Bell.          LJ-14     Coulomb-14
    1.50195e+02    1.43898e+03    2.01211e+02    1.71901e-01    0.00000e+00
        LJ (SR)  Disper. corr.   Coulomb (SR)   Coul. recip.      Potential
    3.09049e+04   -1.46660e+03   -1.99460e+05    9.77767e+02   -1.67254e+05
    Kinetic En.   Total Energy  Conserved En.    Temperature Pres. DC (bar)
    2.95649e+04   -1.37689e+05   -7.87257e+04    2.98522e+02   -2.06333e+02
 Pressure (bar)   Constr. rmsd
    4.27872e-01    3.69942e-06

           Step           Time
          28900       57.80000

   Energies (kJ/mol)
           Bond          Angle Ryckaert-Bell.          LJ-14     Coulomb-14
    1.56567e+02    1.57721e+03    2.32885e+02    4.94730e+00    0.00000e+00
        LJ (SR)  Disper. corr.   Coulomb (SR)   Coul. recip.      Potential
    3.07646e+04   -1.46068e+03   -1.98752e+05    9.86644e+02   -1.66490e+05
    Kinetic En.   Total Energy  Conserved En.    Temperature Pres. DC (bar)
    2.97778e+04   -1.36712e+05   -7.87074e+04    3.00671e+02   -2.04673e+02
 Pressure (bar)   Constr. rmsd
    6.65093e+01    3.28384e-06

           Step           Time
          29000       58.00000

   Energies (kJ/mol)
           Bond          Angle Ryckaert-Bell.          LJ-14     Coulomb-14
    1.62455e+02    1.49007e+03    1.89830e+02    9.42072e-01    0.00000e+00
        LJ (SR)  Disper. corr.   Coulomb (SR)   Coul. recip.      Potential
    2.99861e+04   -1.45612e+03   -1.97468e+05    9.82017e+02   -1.66112e+05
    Kinetic En.   Total Energy  Conserved En.    Temperature Pres. DC (bar)
    2.97279e+04   -1.36385e+05   -7.87130e+04    3.00167e+02   -2.03400e+02
 Pressure (bar)   Constr. rmsd
   -2.92325e+02    3.82574e-06

           Step           Time
          29100       58.20000

   Energies (kJ/mol)
           Bond          Angle Ryckaert-Bell.          LJ-14     Coulomb-14
    1.45479e+02    1.45495e+03    2.10560e+02   -1.95190e+00    0.00000e+00
        LJ (SR)  Disper. corr.   Coulomb (SR)   Coul. recip.      Potential
    3.12942e+04   -1.45708e+03   -1.99197e+05    9.90160e+02   -1.66561e+05
    Kinetic En.   Total Energy  Conserved En.    Temperature Pres. DC (bar)
    2.98394e+04   -1.36721e+05   -7.87084e+04    3.01294e+02   -2.03666e+02
 Pressure (bar)   Constr. rmsd
    1.75503e+02    3.96723e-06

           Step           Time
          29200       58.40000

   Energies (kJ/mol)
           Bond          Angle Ryckaert-Bell.          LJ-14     Coulomb-14
    1.64389e+02    1.39775e+03    2.21533e+02    6.44352e-02    0.00000e+00
        LJ (SR)  Disper. corr.   Coulomb (SR)   Coul. recip.      Potential
    3.03675e+04   -1.45669e+03   -1.98253e+05    9.60312e+02   -1.66598e+05
    Kinetic En.   Total Energy  Conserved En.    Temperature Pres. DC (bar)
    2.97739e+04   -1.36824e+05   -7.87185e+04    3.00632e+02   -2.03559e+02
 Pressure (bar)   Constr. rmsd
   -2.38839e+02    3.95936e-06

           Step           Time
          29300       58.60000

   Energies (kJ/mol)
           Bond          Angle Ryckaert-Bell.          LJ-14     Coulomb-14
    1.68531e+02    1.39789e+03    1.88811e+02    2.84281e+00    0.00000e+00
        LJ (SR)  Disper. corr.   Coulomb (SR)   Coul. recip.      Potential
    3.11966e+04   -1.45819e+03   -1.99174e+05    9.46984e+02   -1.66730e+05
    Kinetic En.   Total Energy  Conserved En.    Temperature Pres. DC (bar)
    2.95320e+04   -1.37198e+05   -7.87228e+04    2.98189e+02   -2.03976e+02
 Pressure (bar)   Constr. rmsd
    1.52896e+02    4.02693e-06

           Step           Time
          29400       58.80000

   Energies (kJ/mol)
           Bond          Angle Ryckaert-Bell.          LJ-14     Coulomb-14
    1.63103e+02    1.46978e+03    1.64378e+02   -5.39006e-01    0.00000e+00
        LJ (SR)  Disper. corr.   Coulomb (SR)   Coul. recip.      Potential
    3.06352e+04   -1.45580e+03   -1.98786e+05    1.01106e+03   -1.66799e+05
    Kinetic En.   Total Energy  Conserved En.    Temperature Pres. DC (bar)
    3.01559e+04   -1.36643e+05   -7.87156e+04    3.04489e+02   -2.03309e+02
 Pressure (bar)   Constr. rmsd
   -1.90582e+02    3.61590e-06

           Step           Time
          29500       59.00000

   Energies (kJ/mol)
           Bond          Angle Ryckaert-Bell.          LJ-14     Coulomb-14
    1.56868e+02    1.54058e+03    2.23019e+02    3.11855e+00    0.00000e+00
        LJ (SR)  Disper. corr.   Coulomb (SR)   Coul. recip.      Potential
    3.04705e+04   -1.45475e+03   -1.98158e+05    1.01206e+03   -1.66206e+05
    Kinetic En.   Total Energy  Conserved En.    Temperature Pres. DC (bar)
    2.94743e+04   -1.36732e+05   -7.87116e+04    2.97607e+02   -2.03018e+02
 Pressure (bar)   Constr. rmsd
   -1.80254e+02    3.34065e-06

           Step           Time
          29600       59.20000

   Energies (kJ/mol)
           Bond          Angle Ryckaert-Bell.          LJ-14     Coulomb-14
    1.46847e+02    1.55471e+03    2.04675e+02    1.83045e+00    0.00000e+00
        LJ (SR)  Disper. corr.   Coulomb (SR)   Coul. recip.      Potential
    3.12738e+04   -1.45591e+03   -1.99149e+05    9.56630e+02   -1.66466e+05
    Kinetic En.   Total Energy  Conserved En.    Temperature Pres. DC (bar)
    2.97189e+04   -1.36748e+05   -7.87046e+04    3.00077e+02   -2.03342e+02
 Pressure (bar)   Constr. rmsd
    2.50035e+02    3.38033e-06

           Step           Time
          29700       59.40000

   Energies (kJ/mol)
           Bond          Angle Ryckaert-Bell.          LJ-14     Coulomb-14
    1.58309e+02    1.49861e+03    2.14864e+02    8.09874e+00    0.00000e+00
        LJ (SR)  Disper. corr.   Coulomb (SR)   Coul. recip.      Potential
    3.11143e+04   -1.45267e+03   -1.98846e+05    9.77522e+02   -1.66327e+05
    Kinetic En.   Total Energy  Conserved En.    Temperature Pres. DC (bar)
    2.98386e+04   -1.36488e+05   -7.87167e+04    3.01285e+02   -2.02436e+02
 Pressure (bar)   Constr. rmsd
    1.26722e+02    3.37952e-06

           Step           Time
          29800       59.60000

   Energies (kJ/mol)
           Bond          Angle Ryckaert-Bell.          LJ-14     Coulomb-14
    1.59101e+02    1.52318e+03    1.98590e+02    5.50507e+00    0.00000e+00
        LJ (SR)  Disper. corr.   Coulomb (SR)   Coul. recip.      Potential
    3.08416e+04   -1.44513e+03   -1.98275e+05    1.02477e+03   -1.65968e+05
    Kinetic En.   Total Energy  Conserved En.    Temperature Pres. DC (bar)
    2.98573e+04   -1.36110e+05   -7.87106e+04    3.01474e+02   -2.00345e+02
 Pressure (bar)   Constr. rmsd
   -3.62050e+01    3.57500e-06

           Step           Time
          29900       59.80000

   Energies (kJ/mol)
           Bond          Angle Ryckaert-Bell.          LJ-14     Coulomb-14
    1.62010e+02    1.42013e+03    1.91465e+02    9.50391e-01    0.00000e+00
        LJ (SR)  Disper. corr.   Coulomb (SR)   Coul. recip.      Potential
    2.98451e+04   -1.43710e+03   -1.96895e+05    1.00146e+03   -1.65711e+05
    Kinetic En.   Total Energy  Conserved En.    Temperature Pres. DC (bar)
    2.97896e+04   -1.35921e+05   -7.87141e+04    3.00791e+02   -1.98125e+02
 Pressure (bar)   Constr. rmsd
   -4.55078e+02    3.92994e-06

           Step           Time
          30000       60.00000

   Energies (kJ/mol)
           Bond          Angle Ryckaert-Bell.          LJ-14     Coulomb-14
    1.52102e+02    1.47486e+03    2.19129e+02    3.14290e+00    0.00000e+00
        LJ (SR)  Disper. corr.   Coulomb (SR)   Coul. recip.      Potential
    3.03641e+04   -1.43866e+03   -1.97399e+05    9.83993e+02   -1.65640e+05
    Kinetic En.   Total Energy  Conserved En.    Temperature Pres. DC (bar)
    2.96663e+04   -1.35974e+05   -7.87146e+04    2.99545e+02   -1.98556e+02
 Pressure (bar)   Constr. rmsd
   -2.55303e+02    3.52603e-06

           Step           Time
          30100       60.20000

   Energies (kJ/mol)
           Bond          Angle Ryckaert-Bell.          LJ-14     Coulomb-14
    1.56634e+02    1.47129e+03    2.09920e+02    2.11367e+00    0.00000e+00
        LJ (SR)  Disper. corr.   Coulomb (SR)   Coul. recip.      Potential
    3.08222e+04   -1.44722e+03   -1.97924e+05    1.01854e+03   -1.65691e+05
    Kinetic En.   Total Energy  Conserved En.    Temperature Pres. DC (bar)
    2.97081e+04   -1.35983e+05   -7.86974e+04    2.99967e+02   -2.00922e+02
 Pressure (bar)   Constr. rmsd
   -3.79597e+01    3.74999e-06

           Step           Time
          30200       60.40000

   Energies (kJ/mol)
           Bond          Angle Ryckaert-Bell.          LJ-14     Coulomb-14
    1.44104e+02    1.45236e+03    1.85804e+02    6.62787e+00    0.00000e+00
        LJ (SR)  Disper. corr.   Coulomb (SR)   Coul. recip.      Potential
    3.11154e+04   -1.45651e+03   -1.98608e+05    1.07271e+03   -1.66087e+05
    Kinetic En.   Total Energy  Conserved En.    Temperature Pres. DC (bar)
    2.97271e+04   -1.36360e+05   -7.86913e+04    3.00159e+02   -2.03507e+02
 Pressure (bar)   Constr. rmsd
    1.56801e+02    3.75854e-06

           Step           Time
          30300       60.60000

   Energies (kJ/mol)
           Bond          Angle Ryckaert-Bell.          LJ-14     Coulomb-14
    1.51798e+02    1.40664e+03    2.32626e+02    3.29675e+00    0.00000e+00
        LJ (SR)  Disper. corr.   Coulomb (SR)   Coul. recip.      Potential
    3.03387e+04   -1.46042e+03   -1.98166e+05    9.50754e+02   -1.66543e+05
    Kinetic En.   Total Energy  Conserved En.    Temperature Pres. DC (bar)
    2.97817e+04   -1.36761e+05   -7.87047e+04    3.00711e+02   -2.04601e+02
 Pressure (bar)   Constr. rmsd
   -2.00827e+02    3.88664e-06

           Step           Time
          30400       60.80000

   Energies (kJ/mol)
           Bond          Angle Ryckaert-Bell.          LJ-14     Coulomb-14
    1.39017e+02    1.54812e+03    2.35521e+02    1.45369e+00    0.00000e+00
        LJ (SR)  Disper. corr.   Coulomb (SR)   Coul. recip.      Potential
    3.08080e+04   -1.46608e+03   -1.98597e+05    9.77419e+02   -1.66353e+05
    Kinetic En.   Total Energy  Conserved En.    Temperature Pres. DC (bar)
    2.96531e+04   -1.36700e+05   -7.86860e+04    2.99412e+02   -2.06188e+02
 Pressure (bar)   Constr. rmsd
    1.54193e+02    4.02874e-06

           Step           Time
          30500       61.00000

   Energies (kJ/mol)
           Bond          Angle Ryckaert-Bell.          LJ-14     Coulomb-14
    1.70211e+02    1.49484e+03    2.19345e+02    2.03802e+00    0.00000e+00
        LJ (SR)  Disper. corr.   Coulomb (SR)   Coul. recip.      Potential
    3.07667e+04   -1.47074e+03   -1.98315e+05    9.75468e+02   -1.66157e+05
    Kinetic En.   Total Energy  Conserved En.    Temperature Pres. DC (bar)
    3.00120e+04   -1.36145e+05   -7.86882e+04    3.03036e+02   -2.07499e+02
 Pressure (bar)   Constr. rmsd
    2.86940e+02    3.86105e-06

           Step           Time
          30600       61.20000

   Energies (kJ/mol)
           Bond          Angle Ryckaert-Bell.          LJ-14     Coulomb-14
    1.72846e+02    1.45601e+03    1.95789e+02    3.51072e-01    0.00000e+00
        LJ (SR)  Disper. corr.   Coulomb (SR)   Coul. recip.      Potential
    3.10628e+04   -1.46838e+03   -1.98903e+05    1.00228e+03   -1.66482e+05
    Kinetic En.   Total Energy  Conserved En.    Temperature Pres. DC (bar)
    2.95449e+04   -1.36937e+05   -7.86891e+04    2.98319e+02   -2.06833e+02
 Pressure (bar)   Constr. rmsd
    2.02288e+02    3.43541e-06

           Step           Time
          30700       61.40000

   Energies (kJ/mol)
           Bond          Angle Ryckaert-Bell.          LJ-14     Coulomb-14
    1.40312e+02    1.45348e+03    2.09096e+02    3.15746e+00    0.00000e+00
        LJ (SR)  Disper. corr.   Coulomb (SR)   Coul. recip.      Potential
    3.06519e+04   -1.45955e+03   -1.98547e+05    9.83559e+02   -1.66565e+05
    Kinetic En.   Total Energy  Conserved En.    Temperature Pres. DC (bar)
    2.98458e+04   -1.36720e+05   -7.86874e+04    3.01358e+02   -2.04356e+02
 Pressure (bar)   Constr. rmsd
   -1.04071e+02    3.81794e-06

           Step           Time
          30800       61.60000

   Energies (kJ/mol)
           Bond          Angle Ryckaert-Bell.          LJ-14     Coulomb-14
    1.69493e+02    1.44831e+03    1.78577e+02   -1.89750e+00    0.00000e+00
        LJ (SR)  Disper. corr.   Coulomb (SR)   Coul. recip.      Potential
    3.04890e+04   -1.45128e+03   -1.97891e+05    9.76143e+02   -1.66082e+05
    Kinetic En.   Total Energy  Conserved En.    Temperature Pres. DC (bar)
    2.96271e+04   -1.36455e+05   -7.86763e+04    2.99150e+02   -2.02052e+02
 Pressure (bar)   Constr. rmsd
   -7.08892e+01    3.39050e-06

           Step           Time
          30900       61.80000

   Energies (kJ/mol)
           Bond          Angle Ryckaert-Bell.          LJ-14     Coulomb-14
    1.25935e+02    1.52495e+03    2.21302e+02    3.83179e+00    0.00000e+00
        LJ (SR)  Disper. corr.   Coulomb (SR)   Coul. recip.      Potential
    3.01600e+04   -1.44497e+03   -1.97020e+05    9.88649e+02   -1.65440e+05
    Kinetic En.   Total Energy  Conserved En.    Temperature Pres. DC (bar)
    2.98637e+04   -1.35577e+05   -7.86718e+04    3.01539e+02   -2.00299e+02
 Pressure (bar)   Constr. rmsd
   -1.42015e+02    3.78054e-06

           Step           Time
          31000       62.00000

   Energies (kJ/mol)
           Bond          Angle Ryckaert-Bell.          LJ-14     Coulomb-14
    1.41340e+02    1.49846e+03    1.82099e+02    2.18812e+00    0.00000e+00
        LJ (SR)  Disper. corr.   Coulomb (SR)   Coul. recip.      Potential
    3.07077e+04   -1.44234e+03   -1.98254e+05    1.01009e+03   -1.66154e+05
    Kinetic En.   Total Energy  Conserved En.    Temperature Pres. DC (bar)
    3.01894e+04   -1.35965e+05   -7.86709e+04    3.04827e+02   -1.99573e+02
 Pressure (bar)   Constr. rmsd
   -1.24695e+02    3.96665e-06

           Step           Time
          31100       62.20000

   Energies (kJ/mol)
           Bond          Angle Ryckaert-Bell.          LJ-14     Coulomb-14
    1.47468e+02    1.49401e+03    2.08962e+02    7.85438e+00    0.00000e+00
        LJ (SR)  Disper. corr.   Coulomb (SR)   Coul. recip.      Potential
    3.13020e+04   -1.44101e+03   -1.98606e+05    9.90354e+02   -1.65897e+05
    Kinetic En.   Total Energy  Conserved En.    Temperature Pres. DC (bar)
    2.98910e+04   -1.36006e+05   -7.86720e+04    3.01815e+02   -1.99204e+02
 Pressure (bar)   Constr. rmsd
    1.34696e+02    3.82732e-06

           Step           Time
          31200       62.40000

   Energies (kJ/mol)
           Bond          Angle Ryckaert-Bell.          LJ-14     Coulomb-14
    1.30529e+02    1.49565e+03    1.65660e+02   -3.31400e-01    0.00000e+00
        LJ (SR)  Disper. corr.   Coulomb (SR)   Coul. recip.      Potential
    3.07820e+04   -1.43670e+03   -1.97980e+05    1.03296e+03   -1.65810e+05
    Kinetic En.   Total Energy  Conserved En.    Temperature Pres. DC (bar)
    2.96346e+04   -1.36176e+05   -7.86623e+04    2.99226e+02   -1.98015e+02
 Pressure (bar)   Constr. rmsd
   -1.36820e+02    3.76446e-06

           Step           Time
          31300       62.60000

   Energies (kJ/mol)
           Bond          Angle Ryckaert-Bell.          LJ-14     Coulomb-14
    1.58856e+02    1.46578e+03    2.01532e+02    7.10436e-01    0.00000e+00
        LJ (SR)  Disper. corr.   Coulomb (SR)   Coul. recip.      Potential
    3.05171e+04   -1.43651e+03   -1.97469e+05    1.00825e+03   -1.65553e+05
    Kinetic En.   Total Energy  Conserved En.    Temperature Pres. DC (bar)
    2.95547e+04   -1.35999e+05   -7.86728e+04    2.98419e+02   -1.97962e+02
 Pressure (bar)   Constr. rmsd
   -1.98354e+02    3.82501e-06

           Step           Time
          31400       62.80000

   Energies (kJ/mol)
           Bond          Angle Ryckaert-Bell.          LJ-14     Coulomb-14
    1.32676e+02    1.49446e+03    2.02648e+02    9.68614e-01    0.00000e+00
        LJ (SR)  Disper. corr.   Coulomb (SR)   Coul. recip.      Potential
    3.05386e+04   -1.44382e+03   -1.98171e+05    1.02185e+03   -1.66224e+05
    Kinetic En.   Total Energy  Conserved En.    Temperature Pres. DC (bar)
    3.01242e+04   -1.36099e+05   -7.86696e+04    3.04169e+02   -1.99982e+02
 Pressure (bar)   Constr. rmsd
   -1.93873e+02    3.68294e-06

           Step           Time
          31500       63.00000

   Energies (kJ/mol)
           Bond          Angle Ryckaert-Bell.          LJ-14     Coulomb-14
    1.54157e+02    1.47573e+03    2.11387e+02    1.22904e+00    0.00000e+00
        LJ (SR)  Disper. corr.   Coulomb (SR)   Coul. recip.      Potential
    3.13372e+04   -1.45789e+03   -1.99398e+05    9.51548e+02   -1.66724e+05
    Kinetic En.   Total Energy  Conserved En.    Temperature Pres. DC (bar)
    2.98444e+04   -1.36880e+05   -7.86434e+04    3.01343e+02   -2.03892e+02
 Pressure (bar)   Constr. rmsd
    2.31057e+02    3.96176e-06

           Step           Time
          31600       63.20000

   Energies (kJ/mol)
           Bond          Angle Ryckaert-Bell.          LJ-14     Coulomb-14
    1.14159e+02    1.44459e+03    1.82485e+02    1.03742e+00    0.00000e+00
        LJ (SR)  Disper. corr.   Coulomb (SR)   Coul. recip.      Potential
    3.20524e+04   -1.46667e+03   -2.00506e+05    9.50463e+02   -1.67228e+05
    Kinetic En.   Total Energy  Conserved En.    Temperature Pres. DC (bar)
    3.01678e+04   -1.37060e+05   -7.86415e+04    3.04609e+02   -2.06353e+02
 Pressure (bar)   Constr. rmsd
    4.43038e+02    4.19399e-06

           Step           Time
          31700       63.40000

   Energies (kJ/mol)
           Bond          Angle Ryckaert-Bell.          LJ-14     Coulomb-14
    1.77113e+02    1.46344e+03    1.81662e+02    3.39256e+00    0.00000e+00
        LJ (SR)  Disper. corr.   Coulomb (SR)   Coul. recip.      Potential
    3.10129e+04   -1.46291e+03   -1.98685e+05    9.79634e+02   -1.66329e+05
    Kinetic En.   Total Energy  Conserved En.    Temperature Pres. DC (bar)
    2.98781e+04   -1.36451e+05   -7.86384e+04    3.01684e+02   -2.05298e+02
 Pressure (bar)   Constr. rmsd
    1.66836e+02    3.60693e-06

           Step           Time
          31800       63.60000

   Energies (kJ/mol)
           Bond          Angle Ryckaert-Bell.          LJ-14     Coulomb-14
    1.23094e+02    1.55486e+03    1.80174e+02    2.25039e+00    0.00000e+00
        LJ (SR)  Disper. corr.   Coulomb (SR)   Coul. recip.      Potential
    3.08612e+04   -1.45332e+03   -1.98491e+05    1.00823e+03   -1.66214e+05
    Kinetic En.   Total Energy  Conserved En.    Temperature Pres. DC (bar)
    2.98498e+04   -1.36364e+05   -7.86242e+04    3.01399e+02   -2.02617e+02
 Pressure (bar)   Constr. rmsd
    6.30875e+01    4.01004e-06

           Step           Time
          31900       63.80000

   Energies (kJ/mol)
           Bond          Angle Ryckaert-Bell.          LJ-14     Coulomb-14
    1.61370e+02    1.63880e+03    2.02956e+02    5.71504e+00    0.00000e+00
        LJ (SR)  Disper. corr.   Coulomb (SR)   Coul. recip.      Potential
    3.06393e+04   -1.44423e+03   -1.97977e+05    9.91468e+02   -1.65781e+05
    Kinetic En.   Total Energy  Conserved En.    Temperature Pres. DC (bar)
    2.97969e+04   -1.35984e+05   -7.86045e+04    3.00864e+02   -2.00096e+02
 Pressure (bar)   Constr. rmsd
   -2.39153e+01    3.29110e-06

           Step           Time
          32000       64.00000

   Energies (kJ/mol)
           Bond          Angle Ryckaert-Bell.          LJ-14     Coulomb-14
    1.48559e+02    1.53787e+03    1.91889e+02    1.79903e+00    0.00000e+00
        LJ (SR)  Disper. corr.   Coulomb (SR)   Coul. recip.      Potential
    3.00834e+04   -1.43767e+03   -1.97330e+05    9.91482e+02   -1.65812e+05
    Kinetic En.   Total Energy  Conserved En.    Temperature Pres. DC (bar)
    3.01572e+04   -1.35655e+05   -7.86130e+04    3.04502e+02   -1.98284e+02
 Pressure (bar)   Constr. rmsd
   -3.63478e+02    3.67583e-06

           Step           Time
          32100       64.20000

   Energies (kJ/mol)
           Bond          Angle Ryckaert-Bell.          LJ-14     Coulomb-14
    1.28811e+02    1.47489e+03    1.75669e+02    1.73746e+00    0.00000e+00
        LJ (SR)  Disper. corr.   Coulomb (SR)   Coul. recip.      Potential
    3.02219e+04   -1.43822e+03   -1.97645e+05    1.01393e+03   -1.66066e+05
    Kinetic En.   Total Energy  Conserved En.    Temperature Pres. DC (bar)
    3.02500e+04   -1.35816e+05   -7.86202e+04    3.05439e+02   -1.98434e+02
 Pressure (bar)   Constr. rmsd
   -3.90601e+02    3.96379e-06

           Step           Time
          32200       64.40000

   Energies (kJ/mol)
           Bond          Angle Ryckaert-Bell.          LJ-14     Coulomb-14
    1.48690e+02    1.44164e+03    2.08907e+02    1.65662e+00    0.00000e+00
        LJ (SR)  Disper. corr.   Coulomb (SR)   Coul. recip.      Potential
    2.99777e+04   -1.44380e+03   -1.97383e+05    9.63208e+02   -1.66085e+05
    Kinetic En.   Total Energy  Conserved En.    Temperature Pres. DC (bar)
    2.96126e+04   -1.36473e+05   -7.86189e+04    2.99003e+02   -1.99975e+02
 Pressure (bar)   Constr. rmsd
   -4.44808e+02    3.57996e-06

           Step           Time
          32300       64.60000

   Energies (kJ/mol)
           Bond          Angle Ryckaert-Bell.          LJ-14     Coulomb-14
    1.32159e+02    1.51838e+03    1.89212e+02   -3.22850e+00    0.00000e+00
        LJ (SR)  Disper. corr.   Coulomb (SR)   Coul. recip.      Potential
    3.11210e+04   -1.45567e+03   -1.98562e+05    9.68657e+02   -1.66091e+05
    Kinetic En.   Total Energy  Conserved En.    Temperature Pres. DC (bar)
    2.97237e+04   -1.36368e+05   -7.85993e+04    3.00125e+02   -2.03274e+02
 Pressure (bar)   Constr. rmsd
    1.78772e+02    3.86514e-06

           Step           Time
          32400       64.80000

   Energies (kJ/mol)
           Bond          Angle Ryckaert-Bell.          LJ-14     Coulomb-14
    1.22002e+02    1.56299e+03    2.28572e+02    1.95460e+00    0.00000e+00
        LJ (SR)  Disper. corr.   Coulomb (SR)   Coul. recip.      Potential
    3.14193e+04   -1.46656e+03   -1.98955e+05    9.90154e+02   -1.66097e+05
    Kinetic En.   Total Energy  Conserved En.    Temperature Pres. DC (bar)
    2.99744e+04   -1.36122e+05   -7.85870e+04    3.02657e+02   -2.06322e+02
 Pressure (bar)   Constr. rmsd
    5.23126e+02    3.58413e-06

           Step           Time
          32500       65.00000

   Energies (kJ/mol)
           Bond          Angle Ryckaert-Bell.          LJ-14     Coulomb-14
    1.57666e+02    1.51549e+03    1.98769e+02    5.12419e+00    0.00000e+00
        LJ (SR)  Disper. corr.   Coulomb (SR)   Coul. recip.      Potential
    3.08842e+04   -1.46782e+03   -1.99065e+05    9.70910e+02   -1.66801e+05
    Kinetic En.   Total Energy  Conserved En.    Temperature Pres. DC (bar)
    2.99193e+04   -1.36881e+05   -7.85983e+04    3.02100e+02   -2.06677e+02
 Pressure (bar)   Constr. rmsd
    3.01015e+02    3.84177e-06

           Step           Time
          32600       65.20000

   Energies (kJ/mol)
           Bond          Angle Ryckaert-Bell.          LJ-14     Coulomb-14
    1.25122e+02    1.43837e+03    1.94362e+02    1.45648e+00    0.00000e+00
        LJ (SR)  Disper. corr.   Coulomb (SR)   Coul. recip.      Potential
    3.18516e+04   -1.46279e+03   -2.00457e+05    9.77865e+02   -1.67331e+05
    Kinetic En.   Total Energy  Conserved En.    Temperature Pres. DC (bar)
    2.99132e+04   -1.37418e+05   -7.86081e+04    3.02038e+02   -2.05264e+02
 Pressure (bar)   Constr. rmsd
    3.79130e+02    3.52499e-06

           Step           Time
          32700       65.40000

   Energies (kJ/mol)
           Bond          Angle Ryckaert-Bell.          LJ-14     Coulomb-14
    1.57801e+02    1.46198e+03    2.25695e+02    1.46470e+00    0.00000e+00
        LJ (SR)  Disper. corr.   Coulomb (SR)   Coul. recip.      Potential
    3.08314e+04   -1.45123e+03   -1.98645e+05    9.75384e+02   -1.66442e+05
    Kinetic En.   Total Energy  Conserved En.    Temperature Pres. DC (bar)
    2.91761e+04   -1.37266e+05   -7.85829e+04    2.94596e+02   -2.02037e+02
 Pressure (bar)   Constr. rmsd
   -1.52041e+02    3.77217e-06

           Step           Time
          32800       65.60000

   Energies (kJ/mol)
           Bond          Angle Ryckaert-Bell.          LJ-14     Coulomb-14
    1.20028e+02    1.47159e+03    2.12725e+02    1.39364e+00    0.00000e+00
        LJ (SR)  Disper. corr.   Coulomb (SR)   Coul. recip.      Potential
    3.11797e+04   -1.44096e+03   -1.98728e+05    1.02513e+03   -1.66159e+05
    Kinetic En.   Total Energy  Conserved En.    Temperature Pres. DC (bar)
    2.91163e+04   -1.37042e+05   -7.85762e+04    2.93992e+02   -1.99192e+02
 Pressure (bar)   Constr. rmsd
    1.40897e+01    3.91764e-06

           Step           Time
          32900       65.80000

   Energies (kJ/mol)
           Bond          Angle Ryckaert-Bell.          LJ-14     Coulomb-14
    1.33858e+02    1.47403e+03    2.07466e+02    2.94321e+00    0.00000e+00
        LJ (SR)  Disper. corr.   Coulomb (SR)   Coul. recip.      Potential
    3.06205e+04   -1.43397e+03   -1.97856e+05    1.00543e+03   -1.65845e+05
    Kinetic En.   Total Energy  Conserved En.    Temperature Pres. DC (bar)
    2.90406e+04   -1.36805e+05   -7.85761e+04    2.93227e+02   -1.97265e+02
 Pressure (bar)   Constr. rmsd
   -2.48909e+02    3.65145e-06

           Step           Time
          33000       66.00000

   Energies (kJ/mol)
           Bond          Angle Ryckaert-Bell.          LJ-14     Coulomb-14
    1.38817e+02    1.46255e+03    2.14336e+02   -6.25105e-01    0.00000e+00
        LJ (SR)  Disper. corr.   Coulomb (SR)   Coul. recip.      Potential
    3.10120e+04   -1.43508e+03   -1.98848e+05    9.56898e+02   -1.66499e+05
    Kinetic En.   Total Energy  Conserved En.    Temperature Pres. DC (bar)
    3.01026e+04   -1.36397e+05   -7.85772e+04    3.03951e+02   -1.97570e+02
 Pressure (bar)   Constr. rmsd
   -1.71285e+02    3.60363e-06

           Step           Time
          33100       66.20000

   Energies (kJ/mol)
           Bond          Angle Ryckaert-Bell.          LJ-14     Coulomb-14
    1.33075e+02    1.45356e+03    1.94447e+02    4.00400e+00    0.00000e+00
        LJ (SR)  Disper. corr.   Coulomb (SR)   Coul. recip.      Potential
    3.17918e+04   -1.44165e+03   -1.99194e+05    1.05722e+03   -1.66001e+05
    Kinetic En.   Total Energy  Conserved En.    Temperature Pres. DC (bar)
    2.94265e+04   -1.36575e+05   -7.85648e+04    2.97124e+02   -1.99382e+02
 Pressure (bar)   Constr. rmsd
    3.94772e+02    3.81273e-06

           Step           Time
          33200       66.40000

   Energies (kJ/mol)
           Bond          Angle Ryckaert-Bell.          LJ-14     Coulomb-14
    1.33364e+02    1.46928e+03    1.91608e+02    1.75902e+00    0.00000e+00
        LJ (SR)  Disper. corr.   Coulomb (SR)   Coul. recip.      Potential
    3.11848e+04   -1.44377e+03   -1.98865e+05    1.02326e+03   -1.66304e+05
    Kinetic En.   Total Energy  Conserved En.    Temperature Pres. DC (bar)
    2.96785e+04   -1.36626e+05   -7.85876e+04    2.99669e+02   -1.99966e+02
 Pressure (bar)   Constr. rmsd
    1.91433e+01    3.60888e-06

           Step           Time
          33300       66.60000

   Energies (kJ/mol)
           Bond          Angle Ryckaert-Bell.          LJ-14     Coulomb-14
    1.37359e+02    1.43992e+03    2.11167e+02    1.53681e+00    0.00000e+00
        LJ (SR)  Disper. corr.   Coulomb (SR)   Coul. recip.      Potential
    3.10926e+04   -1.44549e+03   -1.98688e+05    9.67492e+02   -1.66283e+05
    Kinetic En.   Total Energy  Conserved En.    Temperature Pres. DC (bar)
    2.96836e+04   -1.36600e+05   -7.85815e+04    2.99720e+02   -2.00443e+02
 Pressure (bar)   Constr. rmsd
    6.25991e+01    4.02567e-06

           Step           Time
          33400       66.80000

   Energies (kJ/mol)
           Bond          Angle Ryckaert-Bell.          LJ-14     Coulomb-14
    1.36198e+02    1.47804e+03    2.02075e+02    1.48625e+00    0.00000e+00
        LJ (SR)  Disper. corr.   Coulomb (SR)   Coul. recip.      Potential
    3.04211e+04   -1.44790e+03   -1.98399e+05    9.71604e+02   -1.66637e+05
    Kinetic En.   Total Energy  Conserved En.    Temperature Pres. DC (bar)
    2.98396e+04   -1.36797e+05   -7.85795e+04    3.01295e+02   -2.01112e+02
 Pressure (bar)   Constr. rmsd
   -1.88838e+02    3.45079e-06

           Step           Time
          33500       67.00000

   Energies (kJ/mol)
           Bond          Angle Ryckaert-Bell.          LJ-14     Coulomb-14
    1.44286e+02    1.47658e+03    1.87464e+02    3.77429e+00    0.00000e+00
        LJ (SR)  Disper. corr.   Coulomb (SR)   Coul. recip.      Potential
    3.07493e+04   -1.45422e+03   -1.99188e+05    1.00397e+03   -1.67077e+05
    Kinetic En.   Total Energy  Conserved En.    Temperature Pres. DC (bar)
    2.98186e+04   -1.37258e+05   -7.85717e+04    3.01083e+02   -2.02870e+02
 Pressure (bar)   Constr. rmsd
   -5.85983e+01    3.33916e-06

           Step           Time
          33600       67.20000

   Energies (kJ/mol)
           Bond          Angle Ryckaert-Bell.          LJ-14     Coulomb-14
    1.41876e+02    1.45847e+03    1.99803e+02    1.29401e-01    0.00000e+00
        LJ (SR)  Disper. corr.   Coulomb (SR)   Coul. recip.      Potential
    3.12242e+04   -1.45992e+03   -1.99462e+05    9.76322e+02   -1.66921e+05
    Kinetic En.   Total Energy  Conserved En.    Temperature Pres. DC (bar)
    2.95371e+04   -1.37384e+05   -7.85654e+04    2.98241e+02   -2.04460e+02
 Pressure (bar)   Constr. rmsd
    7.07568e+01    3.37934e-06

           Step           Time
          33700       67.40000

   Energies (kJ/mol)
           Bond          Angle Ryckaert-Bell.          LJ-14     Coulomb-14
    1.41323e+02    1.38731e+03    1.88407e+02    4.73775e-01    0.00000e+00
        LJ (SR)  Disper. corr.   Coulomb (SR)   Coul. recip.      Potential
    3.12764e+04   -1.45888e+03   -1.99746e+05    9.70065e+02   -1.67241e+05
    Kinetic En.   Total Energy  Conserved En.    Temperature Pres. DC (bar)
    3.00123e+04   -1.37229e+05   -7.85796e+04    3.03039e+02   -2.04170e+02
 Pressure (bar)   Constr. rmsd
    7.22570e+01    3.81205e-06

           Step           Time
          33800       67.60000

   Energies (kJ/mol)
           Bond          Angle Ryckaert-Bell.          LJ-14     Coulomb-14
    1.42369e+02    1.43670e+03    1.75825e+02   -3.17339e+00    0.00000e+00
        LJ (SR)  Disper. corr.   Coulomb (SR)   Coul. recip.      Potential
    3.10845e+04   -1.45290e+03   -1.98538e+05    9.85324e+02   -1.66169e+05
    Kinetic En.   Total Energy  Conserved En.    Temperature Pres. DC (bar)
    2.98475e+04   -1.36321e+05   -7.85739e+04    3.01375e+02   -2.02502e+02
 Pressure (bar)   Constr. rmsd
    2.34903e+02    3.34789e-06

           Step           Time
          33900       67.80000

   Energies (kJ/mol)
           Bond          Angle Ryckaert-Bell.          LJ-14     Coulomb-14
    1.63520e+02    1.46348e+03    1.88001e+02    2.28425e+00    0.00000e+00
        LJ (SR)  Disper. corr.   Coulomb (SR)   Coul. recip.      Potential
    3.06112e+04   -1.44363e+03   -1.98316e+05    1.03915e+03   -1.66292e+05
    Kinetic En.   Total Energy  Conserved En.    Temperature Pres. DC (bar)
    2.99529e+04   -1.36339e+05   -7.85665e+04    3.02439e+02   -1.99928e+02
 Pressure (bar)   Constr. rmsd
   -4.76899e+01    3.32221e-06

           Step           Time
          34000       68.00000

   Energies (kJ/mol)
           Bond          Angle Ryckaert-Bell.          LJ-14     Coulomb-14
    1.24414e+02    1.57711e+03    1.78311e+02   -1.54891e+00    0.00000e+00
        LJ (SR)  Disper. corr.   Coulomb (SR)   Coul. recip.      Potential
    3.02199e+04   -1.43729e+03   -1.98128e+05    1.03645e+03   -1.66431e+05
    Kinetic En.   Total Energy  Conserved En.    Temperature Pres. DC (bar)
    2.98167e+04   -1.36614e+05   -7.85480e+04    3.01064e+02   -1.98179e+02
 Pressure (bar)   Constr. rmsd
   -4.63158e+02    3.19278e-06

           Step           Time
          34100       68.20000

   Energies (kJ/mol)
           Bond          Angle Ryckaert-Bell.          LJ-14     Coulomb-14
    1.88533e+02    1.49770e+03    2.03877e+02   -3.66271e-01    0.00000e+00
        LJ (SR)  Disper. corr.   Coulomb (SR)   Coul. recip.      Potential
    3.07499e+04   -1.44218e+03   -1.98392e+05    1.01716e+03   -1.66178e+05
    Kinetic En.   Total Energy  Conserved En.    Temperature Pres. DC (bar)
    2.97148e+04   -1.36463e+05   -7.85557e+04    3.00035e+02   -1.99527e+02
 Pressure (bar)   Constr. rmsd
   -3.03806e+02    3.39165e-06

           Step           Time
          34200       68.40000

   Energies (kJ/mol)
           Bond          Angle Ryckaert-Bell.          LJ-14     Coulomb-14
    1.38351e+02    1.49442e+03    2.04086e+02   -9.21987e-01    0.00000e+00
        LJ (SR)  Disper. corr.   Coulomb (SR)   Coul. recip.      Potential
    3.05797e+04   -1.45309e+03   -1.98282e+05    9.71984e+02   -1.66347e+05
    Kinetic En.   Total Energy  Conserved En.    Temperature Pres. DC (bar)
    2.94775e+04   -1.36870e+05   -7.85509e+04    2.97639e+02   -2.02554e+02
 Pressure (bar)   Constr. rmsd
   -1.45180e+02    3.61673e-06

           Step           Time
          34300       68.60000

   Energies (kJ/mol)
           Bond          Angle Ryckaert-Bell.          LJ-14     Coulomb-14
    1.62704e+02    1.45308e+03    2.01166e+02    4.97600e-01    0.00000e+00
        LJ (SR)  Disper. corr.   Coulomb (SR)   Coul. recip.      Potential
    3.14327e+04   -1.46525e+03   -1.99436e+05    9.70396e+02   -1.66681e+05
    Kinetic En.   Total Energy  Conserved En.    Temperature Pres. DC (bar)
    2.97557e+04   -1.36925e+05   -7.85349e+04    3.00448e+02   -2.05955e+02
 Pressure (bar)   Constr. rmsd
    4.77710e+02    3.84672e-06

           Step           Time
          34400       68.80000

   Energies (kJ/mol)
           Bond          Angle Ryckaert-Bell.          LJ-14     Coulomb-14
    1.50210e+02    1.42467e+03    1.89306e+02   -3.70672e+00    0.00000e+00
        LJ (SR)  Disper. corr.   Coulomb (SR)   Coul. recip.      Potential
    3.06065e+04   -1.47018e+03   -1.98671e+05    9.64630e+02   -1.66810e+05
    Kinetic En.   Total Energy  Conserved En.    Temperature Pres. DC (bar)
    2.96721e+04   -1.37138e+05   -7.85495e+04    2.99604e+02   -2.07340e+02
 Pressure (bar)   Constr. rmsd
    1.39900e+00    3.93004e-06

           Step           Time
          34500       69.00000

   Energies (kJ/mol)
           Bond          Angle Ryckaert-Bell.          LJ-14     Coulomb-14
    1.56447e+02    1.44292e+03    1.83532e+02   -3.16874e+00    0.00000e+00
        LJ (SR)  Disper. corr.   Coulomb (SR)   Coul. recip.      Potential
    3.12442e+04   -1.47328e+03   -1.99293e+05    9.55950e+02   -1.66787e+05
    Kinetic En.   Total Energy  Conserved En.    Temperature Pres. DC (bar)
    2.96836e+04   -1.37103e+05   -7.85356e+04    2.99721e+02   -2.08215e+02
 Pressure (bar)   Constr. rmsd
    2.90457e+02    3.52445e-06

           Step           Time
          34600       69.20000

   Energies (kJ/mol)
           Bond          Angle Ryckaert-Bell.          LJ-14     Coulomb-14
    1.70450e+02    1.46953e+03    2.23674e+02    7.54218e+00    0.00000e+00
        LJ (SR)  Disper. corr.   Coulomb (SR)   Coul. recip.      Potential
    3.09157e+04   -1.46925e+03   -1.98608e+05    9.55003e+02   -1.66335e+05
    Kinetic En.   Total Energy  Conserved En.    Temperature Pres. DC (bar)
    2.97434e+04   -1.36592e+05   -7.85387e+04    3.00324e+02   -2.07079e+02
 Pressure (bar)   Constr. rmsd
    2.00827e+02    3.59669e-06

           Step           Time
          34700       69.40000

   Energies (kJ/mol)
           Bond          Angle Ryckaert-Bell.          LJ-14     Coulomb-14
    1.56395e+02    1.41256e+03    2.00301e+02    5.34585e+00    0.00000e+00
        LJ (SR)  Disper. corr.   Coulomb (SR)   Coul. recip.      Potential
    3.03849e+04   -1.45934e+03   -1.98062e+05    9.33246e+02   -1.66428e+05
    Kinetic En.   Total Energy  Conserved En.    Temperature Pres. DC (bar)
    2.92523e+04   -1.37176e+05   -7.85249e+04    2.95365e+02   -2.04297e+02
 Pressure (bar)   Constr. rmsd
   -1.99648e+02    3.65139e-06

           Step           Time
          34800       69.60000

   Energies (kJ/mol)
           Bond          Angle Ryckaert-Bell.          LJ-14     Coulomb-14
    1.92122e+02    1.40231e+03    1.90194e+02   -1.69093e+00    0.00000e+00
        LJ (SR)  Disper. corr.   Coulomb (SR)   Coul. recip.      Potential
    3.12326e+04   -1.45175e+03   -1.98767e+05    1.02319e+03   -1.66180e+05
    Kinetic En.   Total Energy  Conserved En.    Temperature Pres. DC (bar)
    2.96301e+04   -1.36550e+05   -7.85245e+04    2.99180e+02   -2.02181e+02
 Pressure (bar)   Constr. rmsd
    1.47777e+02    3.47756e-06

           Step           Time
          34900       69.80000

   Energies (kJ/mol)
           Bond          Angle Ryckaert-Bell.          LJ-14     Coulomb-14
    1.56334e+02    1.41361e+03    1.92909e+02   -4.12734e+00    0.00000e+00
        LJ (SR)  Disper. corr.   Coulomb (SR)   Coul. recip.      Potential
    3.03905e+04   -1.44385e+03   -1.98212e+05    9.92088e+02   -1.66514e+05
    Kinetic En.   Total Energy  Conserved En.    Temperature Pres. DC (bar)
    2.93182e+04   -1.37196e+05   -7.85205e+04    2.96031e+02   -1.99989e+02
 Pressure (bar)   Constr. rmsd
   -3.71544e+02    3.51137e-06

           Step           Time
          35000       70.00000

   Energies (kJ/mol)
           Bond          Angle Ryckaert-Bell.          LJ-14     Coulomb-14
    1.83558e+02    1.34651e+03    1.80579e+02    1.72477e+00    0.00000e+00
        LJ (SR)  Disper. corr.   Coulomb (SR)   Coul. recip.      Potential
    3.01923e+04   -1.44331e+03   -1.97904e+05    9.62198e+02   -1.66480e+05
    Kinetic En.   Total Energy  Conserved En.    Temperature Pres. DC (bar)
    2.97719e+04   -1.36709e+05   -7.85278e+04    3.00612e+02   -1.99840e+02
 Pressure (bar)   Constr. rmsd
   -3.40442e+02    3.71480e-06

           Step           Time
          35100       70.20000

   Energies (kJ/mol)
           Bond          Angle Ryckaert-Bell.          LJ-14     Coulomb-14
    1.32349e+02    1.32643e+03    2.19402e+02    5.71345e+00    0.00000e+00
        LJ (SR)  Disper. corr.   Coulomb (SR)   Coul. recip.      Potential
    3.09426e+04   -1.45057e+03   -1.98430e+05    1.01444e+03   -1.66240e+05
    Kinetic En.   Total Energy  Conserved En.    Temperature Pres. DC (bar)
    3.05252e+04   -1.35715e+05   -7.85255e+04    3.08218e+02   -2.01852e+02
 Pressure (bar)   Constr. rmsd
    5.63950e+01    4.20648e-06

           Step           Time
          35200       70.40000

   Energies (kJ/mol)
           Bond          Angle Ryckaert-Bell.          LJ-14     Coulomb-14
    1.51272e+02    1.42813e+03    2.42123e+02    9.51884e-01    0.00000e+00
        LJ (SR)  Disper. corr.   Coulomb (SR)   Coul. recip.      Potential
    3.13222e+04   -1.45672e+03   -1.98624e+05    9.73124e+02   -1.65963e+05
    Kinetic En.   Total Energy  Conserved En.    Temperature Pres. DC (bar)
    2.96565e+04   -1.36306e+05   -7.85108e+04    2.99446e+02   -2.03566e+02
 Pressure (bar)   Constr. rmsd
    2.38905e+02    3.55992e-06

           Step           Time
          35300       70.60000

   Energies (kJ/mol)
           Bond          Angle Ryckaert-Bell.          LJ-14     Coulomb-14
    1.39135e+02    1.38711e+03    1.92501e+02   -6.80562e+00    0.00000e+00
        LJ (SR)  Disper. corr.   Coulomb (SR)   Coul. recip.      Potential
    3.06725e+04   -1.45341e+03   -1.98459e+05    9.64656e+02   -1.66564e+05
    Kinetic En.   Total Energy  Conserved En.    Temperature Pres. DC (bar)
    3.01981e+04   -1.36366e+05   -7.85269e+04    3.04916e+02   -2.02644e+02
 Pressure (bar)   Constr. rmsd
   -3.33997e+01    3.77028e-06

           Step           Time
          35400       70.80000

   Energies (kJ/mol)
           Bond          Angle Ryckaert-Bell.          LJ-14     Coulomb-14
    1.39220e+02    1.46499e+03    1.82729e+02    2.00526e-01    0.00000e+00
        LJ (SR)  Disper. corr.   Coulomb (SR)   Coul. recip.      Potential
    3.07344e+04   -1.44812e+03   -1.97808e+05    9.69754e+02   -1.65765e+05
    Kinetic En.   Total Energy  Conserved En.    Temperature Pres. DC (bar)
    2.95325e+04   -1.36233e+05   -7.85048e+04    2.98194e+02   -2.01172e+02
 Pressure (bar)   Constr. rmsd
    1.92815e+01    3.73030e-06

           Step           Time
          35500       71.00000

   Energies (kJ/mol)
           Bond          Angle Ryckaert-Bell.          LJ-14     Coulomb-14
    1.42661e+02    1.45656e+03    2.40678e+02    1.11332e+01    0.00000e+00
        LJ (SR)  Disper. corr.   Coulomb (SR)   Coul. recip.      Potential
    3.04574e+04   -1.44665e+03   -1.98455e+05    9.24546e+02   -1.66668e+05
    Kinetic En.   Total Energy  Conserved En.    Temperature Pres. DC (bar)
    2.99641e+04   -1.36704e+05   -7.85174e+04    3.02552e+02   -2.00765e+02
 Pressure (bar)   Constr. rmsd
   -1.91425e+02    3.81243e-06

           Step           Time
          35600       71.20000

   Energies (kJ/mol)
           Bond          Angle Ryckaert-Bell.          LJ-14     Coulomb-14
    1.23405e+02    1.39714e+03    1.91569e+02    2.91432e-01    0.00000e+00
        LJ (SR)  Disper. corr.   Coulomb (SR)   Coul. recip.      Potential
    3.06238e+04   -1.45176e+03   -1.98873e+05    9.77712e+02   -1.67011e+05
    Kinetic En.   Total Energy  Conserved En.    Temperature Pres. DC (bar)
    2.96231e+04   -1.37387e+05   -7.85125e+04    2.99110e+02   -2.02185e+02
 Pressure (bar)   Constr. rmsd
   -3.34566e+02    3.72252e-06

           Step           Time
          35700       71.40000

   Energies (kJ/mol)
           Bond          Angle Ryckaert-Bell.          LJ-14     Coulomb-14
    1.59313e+02    1.42345e+03    2.02830e+02   -2.02992e+00    0.00000e+00
        LJ (SR)  Disper. corr.   Coulomb (SR)   Coul. recip.      Potential
    3.16573e+04   -1.46133e+03   -1.99682e+05    9.83842e+02   -1.66719e+05
    Kinetic En.   Total Energy  Conserved En.    Temperature Pres. DC (bar)
    2.97632e+04   -1.36956e+05   -7.84992e+04    3.00524e+02   -2.04856e+02
 Pressure (bar)   Constr. rmsd
    2.25166e+02    3.67598e-06

           Step           Time
          35800       71.60000

   Energies (kJ/mol)
           Bond          Angle Ryckaert-Bell.          LJ-14     Coulomb-14
    1.24351e+02    1.46112e+03    1.83726e+02    9.41211e-01    0.00000e+00
        LJ (SR)  Disper. corr.   Coulomb (SR)   Coul. recip.      Potential
    3.10985e+04   -1.46437e+03   -1.98944e+05    1.01545e+03   -1.66524e+05
    Kinetic En.   Total Energy  Conserved En.    Temperature Pres. DC (bar)
    2.95297e+04   -1.36994e+05   -7.84957e+04    2.98167e+02   -2.05706e+02
 Pressure (bar)   Constr. rmsd
    1.50545e+02    3.64207e-06

           Step           Time
          35900       71.80000

   Energies (kJ/mol)
           Bond          Angle Ryckaert-Bell.          LJ-14     Coulomb-14
    1.65059e+02    1.45284e+03    2.02815e+02    4.08093e+00    0.00000e+00
        LJ (SR)  Disper. corr.   Coulomb (SR)   Coul. recip.      Potential
    3.11978e+04   -1.46244e+03   -1.99061e+05    9.19397e+02   -1.66581e+05
    Kinetic En.   Total Energy  Conserved En.    Temperature Pres. DC (bar)
    2.99873e+04   -1.36594e+05   -7.85014e+04    3.02787e+02   -2.05166e+02
 Pressure (bar)   Constr. rmsd
    2.75086e+02    3.56010e-06

           Step           Time
          36000       72.00000

   Energies (kJ/mol)
           Bond          Angle Ryckaert-Bell.          LJ-14     Coulomb-14
    1.36643e+02    1.44087e+03    2.19999e+02    1.76022e+00    0.00000e+00
        LJ (SR)  Disper. corr.   Coulomb (SR)   Coul. recip.      Potential
    3.13218e+04   -1.45837e+03   -1.99920e+05    9.20726e+02   -1.67336e+05
    Kinetic En.   Total Energy  Conserved En.    Temperature Pres. DC (bar)
    2.98608e+04   -1.37475e+05   -7.85071e+04    3.01510e+02   -2.04026e+02
 Pressure (bar)   Constr. rmsd
    9.96111e+01    3.63290e-06

           Step           Time
          36100       72.20000

   Energies (kJ/mol)
           Bond          Angle Ryckaert-Bell.          LJ-14     Coulomb-14
    1.24831e+02    1.39005e+03    1.74924e+02   -1.57816e+00    0.00000e+00
        LJ (SR)  Disper. corr.   Coulomb (SR)   Coul. recip.      Potential
    3.10243e+04   -1.45683e+03   -1.98941e+05    9.80403e+02   -1.66705e+05
    Kinetic En.   Total Energy  Conserved En.    Temperature Pres. DC (bar)
    2.91206e+04   -1.37584e+05   -7.85046e+04    2.94035e+02   -2.03596e+02
 Pressure (bar)   Constr. rmsd
   -5.28710e+01    4.11694e-06

           Step           Time
          36200       72.40000

   Energies (kJ/mol)
           Bond          Angle Ryckaert-Bell.          LJ-14     Coulomb-14
    1.44310e+02    1.44495e+03    2.00354e+02   -4.75320e-01    0.00000e+00
        LJ (SR)  Disper. corr.   Coulomb (SR)   Coul. recip.      Potential
    3.04309e+04   -1.45896e+03   -1.98491e+05    1.02304e+03   -1.66707e+05
    Kinetic En.   Total Energy  Conserved En.    Temperature Pres. DC (bar)
    2.94777e+04   -1.37229e+05   -7.84960e+04    2.97641e+02   -2.04192e+02
 Pressure (bar)   Constr. rmsd
   -2.76767e+02    3.59259e-06

           Step           Time
          36300       72.60000

   Energies (kJ/mol)
           Bond          Angle Ryckaert-Bell.          LJ-14     Coulomb-14
    1.11250e+02    1.45233e+03    1.78569e+02   -3.18955e+00    0.00000e+00
        LJ (SR)  Disper. corr.   Coulomb (SR)   Coul. recip.      Potential
    3.14297e+04   -1.46688e+03   -1.98950e+05    1.01400e+03   -1.66234e+05
    Kinetic En.   Total Energy  Conserved En.    Temperature Pres. DC (bar)
    2.99591e+04   -1.36275e+05   -7.84988e+04    3.02502e+02   -2.06412e+02
 Pressure (bar)   Constr. rmsd
    4.63644e+02    3.47770e-06

           Step           Time
          36400       72.80000

   Energies (kJ/mol)
           Bond          Angle Ryckaert-Bell.          LJ-14     Coulomb-14
    1.52744e+02    1.44363e+03    1.71370e+02   -1.01512e+00    0.00000e+00
        LJ (SR)  Disper. corr.   Coulomb (SR)   Coul. recip.      Potential
    3.11981e+04   -1.46910e+03   -1.98971e+05    9.67435e+02   -1.66508e+05
    Kinetic En.   Total Energy  Conserved En.    Temperature Pres. DC (bar)
    3.01699e+04   -1.36338e+05   -7.85053e+04    3.04630e+02   -2.07037e+02
 Pressure (bar)   Constr. rmsd
    3.97317e+02    3.80698e-06

           Step           Time
          36500       73.00000

   Energies (kJ/mol)
           Bond          Angle Ryckaert-Bell.          LJ-14     Coulomb-14
    1.10532e+02    1.48749e+03    1.64744e+02    5.60050e-01    0.00000e+00
        LJ (SR)  Disper. corr.   Coulomb (SR)   Coul. recip.      Potential
    3.07088e+04   -1.46615e+03   -1.98297e+05    9.84927e+02   -1.66306e+05
    Kinetic En.   Total Energy  Conserved En.    Temperature Pres. DC (bar)
    2.98533e+04   -1.36452e+05   -7.85025e+04    3.01434e+02   -2.06206e+02
 Pressure (bar)   Constr. rmsd
    1.98483e+02    3.50567e-06

           Step           Time
          36600       73.20000

   Energies (kJ/mol)
           Bond          Angle Ryckaert-Bell.          LJ-14     Coulomb-14
    1.38619e+02    1.53859e+03    1.93866e+02    3.78964e+00    0.00000e+00
        LJ (SR)  Disper. corr.   Coulomb (SR)   Coul. recip.      Potential
    3.05374e+04   -1.46015e+03   -1.98207e+05    9.79759e+02   -1.66275e+05
    Kinetic En.   Total Energy  Conserved En.    Temperature Pres. DC (bar)
    2.98933e+04   -1.36382e+05   -7.84895e+04    3.01838e+02   -2.04524e+02
 Pressure (bar)   Constr. rmsd
   -3.47058e+01    3.39399e-06

           Step           Time
          36700       73.40000

   Energies (kJ/mol)
           Bond          Angle Ryckaert-Bell.          LJ-14     Coulomb-14
    1.08819e+02    1.53467e+03    1.91161e+02    2.97753e+00    0.00000e+00
        LJ (SR)  Disper. corr.   Coulomb (SR)   Coul. recip.      Potential
    3.02449e+04   -1.45484e+03   -1.97679e+05    9.60472e+02   -1.66091e+05
    Kinetic En.   Total Energy  Conserved En.    Temperature Pres. DC (bar)
    2.97575e+04   -1.36333e+05   -7.84964e+04    3.00467e+02   -2.03042e+02
 Pressure (bar)   Constr. rmsd
   -1.99918e+02    3.76861e-06

           Step           Time
          36800       73.60000

   Energies (kJ/mol)
           Bond          Angle Ryckaert-Bell.          LJ-14     Coulomb-14
    1.32773e+02    1.52818e+03    1.85859e+02    3.62357e-01    0.00000e+00
        LJ (SR)  Disper. corr.   Coulomb (SR)   Coul. recip.      Potential
    3.05158e+04   -1.45394e+03   -1.97378e+05    9.70776e+02   -1.65499e+05
    Kinetic En.   Total Energy  Conserved En.    Temperature Pres. DC (bar)
    2.96902e+04   -1.35808e+05   -7.84916e+04    2.99786e+02   -2.02792e+02
 Pressure (bar)   Constr. rmsd
    4.81076e+01    3.49684e-06

           Step           Time
          36900       73.80000

   Energies (kJ/mol)
           Bond          Angle Ryckaert-Bell.          LJ-14     Coulomb-14
    1.21537e+02    1.48722e+03    2.02780e+02   -2.29195e+00    0.00000e+00
        LJ (SR)  Disper. corr.   Coulomb (SR)   Coul. recip.      Potential
    3.02005e+04   -1.45483e+03   -1.97770e+05    9.56927e+02   -1.66258e+05
    Kinetic En.   Total Energy  Conserved En.    Temperature Pres. DC (bar)
    2.99997e+04   -1.36258e+05   -7.85034e+04    3.02912e+02   -2.03039e+02
 Pressure (bar)   Constr. rmsd
   -2.50858e+02    3.69750e-06

           Step           Time
          37000       74.00000

   Energies (kJ/mol)
           Bond          Angle Ryckaert-Bell.          LJ-14     Coulomb-14
    1.24762e+02    1.47649e+03    2.37158e+02    2.42712e-01    0.00000e+00
        LJ (SR)  Disper. corr.   Coulomb (SR)   Coul. recip.      Potential
    3.02886e+04   -1.46060e+03   -1.98050e+05    9.53567e+02   -1.66430e+05
    Kinetic En.   Total Energy  Conserved En.    Temperature Pres. DC (bar)
    2.98802e+04   -1.36550e+05   -7.84963e+04    3.01706e+02   -2.04651e+02
 Pressure (bar)   Constr. rmsd
   -1.63269e+02    3.30640e-06

           Step           Time
          37100       74.20000

   Energies (kJ/mol)
           Bond          Angle Ryckaert-Bell.          LJ-14     Coulomb-14
    1.35412e+02    1.49761e+03    2.27036e+02    2.65922e+00    0.00000e+00
        LJ (SR)  Disper. corr.   Coulomb (SR)   Coul. recip.      Potential
    3.02995e+04   -1.46785e+03   -1.98197e+05    9.91458e+02   -1.66511e+05
    Kinetic En.   Total Energy  Conserved En.    Temperature Pres. DC (bar)
    2.98932e+04   -1.36618e+05   -7.84939e+04    3.01837e+02   -2.06685e+02
 Pressure (bar)   Constr. rmsd
   -4.22683e+01    3.51484e-06

           Step           Time
          37200       74.40000

   Energies (kJ/mol)
           Bond          Angle Ryckaert-Bell.          LJ-14     Coulomb-14
    1.18050e+02    1.49327e+03    1.97090e+02    4.60241e+00    0.00000e+00
        LJ (SR)  Disper. corr.   Coulomb (SR)   Coul. recip.      Potential
    3.08017e+04   -1.47301e+03   -1.98236e+05    9.81699e+02   -1.66113e+05
    Kinetic En.   Total Energy  Conserved En.    Temperature Pres. DC (bar)
    2.95827e+04   -1.36530e+05   -7.84855e+04    2.98701e+02   -2.08140e+02
 Pressure (bar)   Constr. rmsd
    2.73960e+02    3.54639e-06

           Step           Time
          37300       74.60000

   Energies (kJ/mol)
           Bond          Angle Ryckaert-Bell.          LJ-14     Coulomb-14
    1.45414e+02    1.47793e+03    1.73137e+02    2.54564e+00    0.00000e+00
        LJ (SR)  Disper. corr.   Coulomb (SR)   Coul. recip.      Potential
    3.03143e+04   -1.46950e+03   -1.97253e+05    9.95994e+02   -1.65613e+05
    Kinetic En.   Total Energy  Conserved En.    Temperature Pres. DC (bar)
    2.96672e+04   -1.35946e+05   -7.84862e+04    2.99554e+02   -2.07150e+02
 Pressure (bar)   Constr. rmsd
    8.23953e+01    3.43905e-06

           Step           Time
          37400       74.80000

   Energies (kJ/mol)
           Bond          Angle Ryckaert-Bell.          LJ-14     Coulomb-14
    1.22756e+02    1.41729e+03    1.98435e+02    2.22629e+00    0.00000e+00
        LJ (SR)  Disper. corr.   Coulomb (SR)   Coul. recip.      Potential
    3.06841e+04   -1.45890e+03   -1.98096e+05    1.00940e+03   -1.66120e+05
    Kinetic En.   Total Energy  Conserved En.    Temperature Pres. DC (bar)
    3.00088e+04   -1.36112e+05   -7.84873e+04    3.03003e+02   -2.04175e+02
 Pressure (bar)   Constr. rmsd
    7.32238e+01    3.85799e-06

           Step           Time
          37500       75.00000

   Energies (kJ/mol)
           Bond          Angle Ryckaert-Bell.          LJ-14     Coulomb-14
    1.23982e+02    1.37888e+03    1.88923e+02   -9.13733e-01    0.00000e+00
        LJ (SR)  Disper. corr.   Coulomb (SR)   Coul. recip.      Potential
    3.01429e+04   -1.44628e+03   -1.97234e+05    9.46205e+02   -1.65900e+05
    Kinetic En.   Total Energy  Conserved En.    Temperature Pres. DC (bar)
    2.92587e+04   -1.36641e+05   -7.84727e+04    2.95430e+02   -2.00663e+02
 Pressure (bar)   Constr. rmsd
   -3.29784e+02    3.64745e-06

           Step           Time
          37600       75.20000

   Energies (kJ/mol)
           Bond          Angle Ryckaert-Bell.          LJ-14     Coulomb-14
    1.47771e+02    1.47251e+03    1.99676e+02    4.13646e+00    0.00000e+00
        LJ (SR)  Disper. corr.   Coulomb (SR)   Coul. recip.      Potential
    3.03567e+04   -1.44172e+03   -1.97112e+05    9.67330e+02   -1.65405e+05
    Kinetic En.   Total Energy  Conserved En.    Temperature Pres. DC (bar)
    2.99351e+04   -1.35470e+05   -7.84677e+04    3.02260e+02   -1.99401e+02
 Pressure (bar)   Constr. rmsd
   -1.46274e+02    3.61994e-06

           Step           Time
          37700       75.40000

   Energies (kJ/mol)
           Bond          Angle Ryckaert-Bell.          LJ-14     Coulomb-14
    1.23042e+02    1.49082e+03    1.60772e+02    4.21942e-01    0.00000e+00
        LJ (SR)  Disper. corr.   Coulomb (SR)   Coul. recip.      Potential
    2.98969e+04   -1.44242e+03   -1.96896e+05    9.84639e+02   -1.65681e+05
    Kinetic En.   Total Energy  Conserved En.    Temperature Pres. DC (bar)
    3.01352e+04   -1.35546e+05   -7.84746e+04    3.04280e+02   -1.99595e+02
 Pressure (bar)   Constr. rmsd
   -3.52407e+02    4.04007e-06

           Step           Time
          37800       75.60000

   Energies (kJ/mol)
           Bond          Angle Ryckaert-Bell.          LJ-14     Coulomb-14
    1.39161e+02    1.45181e+03    1.67379e+02    1.80765e+00    0.00000e+00
        LJ (SR)  Disper. corr.   Coulomb (SR)   Coul. recip.      Potential
    3.07506e+04   -1.45104e+03   -1.98224e+05    9.73106e+02   -1.66191e+05
    Kinetic En.   Total Energy  Conserved En.    Temperature Pres. DC (bar)
    2.97736e+04   -1.36418e+05   -7.84703e+04    3.00629e+02   -2.01985e+02
 Pressure (bar)   Constr. rmsd
   -2.54666e+01    3.37464e-06

           Step           Time
          37900       75.80000

   Energies (kJ/mol)
           Bond          Angle Ryckaert-Bell.          LJ-14     Coulomb-14
    1.50645e+02    1.45043e+03    1.99694e+02    2.77768e+00    0.00000e+00
        LJ (SR)  Disper. corr.   Coulomb (SR)   Coul. recip.      Potential
    3.10702e+04   -1.46067e+03   -1.98135e+05    9.99887e+02   -1.65722e+05
    Kinetic En.   Total Energy  Conserved En.    Temperature Pres. DC (bar)
    2.99005e+04   -1.35821e+05   -7.84499e+04    3.01911e+02   -2.04670e+02
 Pressure (bar)   Constr. rmsd
    3.21108e+02    3.59294e-06

           Step           Time
          38000       76.00000

   Energies (kJ/mol)
           Bond          Angle Ryckaert-Bell.          LJ-14     Coulomb-14
    1.40476e+02    1.44693e+03    2.05797e+02    2.10793e+00    0.00000e+00
        LJ (SR)  Disper. corr.   Coulomb (SR)   Coul. recip.      Potential
    3.12229e+04   -1.46443e+03   -1.98402e+05    1.01153e+03   -1.65837e+05
    Kinetic En.   Total Energy  Conserved En.    Temperature Pres. DC (bar)
    3.01433e+04   -1.35694e+05   -7.84518e+04    3.04362e+02   -2.05725e+02
 Pressure (bar)   Constr. rmsd
    4.29178e+02    3.56274e-06

           Step           Time
          38100       76.20000

   Energies (kJ/mol)
           Bond          Angle Ryckaert-Bell.          LJ-14     Coulomb-14
    1.59629e+02    1.42144e+03    1.86280e+02    2.21623e+00    0.00000e+00
        LJ (SR)  Disper. corr.   Coulomb (SR)   Coul. recip.      Potential
    3.04925e+04   -1.46071e+03   -1.97947e+05    9.77043e+02   -1.66169e+05
    Kinetic En.   Total Energy  Conserved En.    Temperature Pres. DC (bar)
    2.97575e+04   -1.36411e+05   -7.84518e+04    3.00466e+02   -2.04683e+02
 Pressure (bar)   Constr. rmsd
   -1.67775e+00    3.46730e-06

           Step           Time
          38200       76.40000

   Energies (kJ/mol)
           Bond          Angle Ryckaert-Bell.          LJ-14     Coulomb-14
    1.36176e+02    1.49424e+03    1.89605e+02   -8.44145e-01    0.00000e+00
        LJ (SR)  Disper. corr.   Coulomb (SR)   Coul. recip.      Potential
    3.04578e+04   -1.45641e+03   -1.97811e+05    9.98967e+02   -1.65991e+05
    Kinetic En.   Total Energy  Conserved En.    Temperature Pres. DC (bar)
    2.97827e+04   -1.36209e+05   -7.84436e+04    3.00721e+02   -2.03479e+02
 Pressure (bar)   Constr. rmsd
   -9.31833e+01    3.38640e-06

           Step           Time
          38300       76.60000

   Energies (kJ/mol)
           Bond          Angle Ryckaert-Bell.          LJ-14     Coulomb-14
    1.81188e+02    1.44831e+03    2.07770e+02    3.54046e-01    0.00000e+00
        LJ (SR)  Disper. corr.   Coulomb (SR)   Coul. recip.      Potential
    3.04520e+04   -1.45321e+03   -1.98422e+05    9.92889e+02   -1.66593e+05
    Kinetic En.   Total Energy  Conserved En.    Temperature Pres. DC (bar)
    2.99451e+04   -1.36648e+05   -7.84489e+04    3.02361e+02   -2.02587e+02
 Pressure (bar)   Constr. rmsd
   -2.58691e+02    3.78539e-06

           Step           Time
          38400       76.80000

   Energies (kJ/mol)
           Bond          Angle Ryckaert-Bell.          LJ-14     Coulomb-14
    1.40891e+02    1.37009e+03    2.28596e+02   -1.11528e-01    0.00000e+00
        LJ (SR)  Disper. corr.   Coulomb (SR)   Coul. recip.      Potential
    3.07713e+04   -1.45230e+03   -1.98490e+05    1.01335e+03   -1.66418e+05
    Kinetic En.   Total Energy  Conserved En.    Temperature Pres. DC (bar)
    2.97771e+04   -1.36641e+05   -7.84587e+04    3.00664e+02   -2.02335e+02
 Pressure (bar)   Constr. rmsd
   -8.67635e+01    3.87508e-06

           Step           Time
          38500       77.00000

   Energies (kJ/mol)
           Bond          Angle Ryckaert-Bell.          LJ-14     Coulomb-14
    1.85817e+02    1.46052e+03    2.00200e+02    4.05683e+00    0.00000e+00
        LJ (SR)  Disper. corr.   Coulomb (SR)   Coul. recip.      Potential
    3.08091e+04   -1.45252e+03   -1.98666e+05    9.97747e+02   -1.66461e+05
    Kinetic En.   Total Energy  Conserved En.    Temperature Pres. DC (bar)
    2.97254e+04   -1.36735e+05   -7.84437e+04    3.00142e+02   -2.02395e+02
 Pressure (bar)   Constr. rmsd
   -2.39536e+01    3.66545e-06

           Step           Time
          38600       77.20000

   Energies (kJ/mol)
           Bond          Angle Ryckaert-Bell.          LJ-14     Coulomb-14
    1.45865e+02    1.32842e+03    2.06649e+02   -1.70388e+00    0.00000e+00
        LJ (SR)  Disper. corr.   Coulomb (SR)   Coul. recip.      Potential
    3.06253e+04   -1.45406e+03   -1.98642e+05    9.94713e+02   -1.66797e+05
    Kinetic En.   Total Energy  Conserved En.    Temperature Pres. DC (bar)
    3.00577e+04   -1.36739e+05   -7.84563e+04    3.03498e+02   -2.02823e+02
 Pressure (bar)   Constr. rmsd
   -4.83236e+01    4.10531e-06

           Step           Time
          38700       77.40000

   Energies (kJ/mol)
           Bond          Angle Ryckaert-Bell.          LJ-14     Coulomb-14
    1.78819e+02    1.35907e+03    2.11198e+02   -6.32368e-01    0.00000e+00
        LJ (SR)  Disper. corr.   Coulomb (SR)   Coul. recip.      Potential
    3.12518e+04   -1.45777e+03   -1.99478e+05    9.52930e+02   -1.66983e+05
    Kinetic En.   Total Energy  Conserved En.    Temperature Pres. DC (bar)
    2.94631e+04   -1.37520e+05   -7.84455e+04    2.97494e+02   -2.03859e+02
 Pressure (bar)   Constr. rmsd
    5.84677e+01    4.28815e-06

           Step           Time
          38800       77.60000

   Energies (kJ/mol)
           Bond          Angle Ryckaert-Bell.          LJ-14     Coulomb-14
    1.24430e+02    1.36749e+03    1.83329e+02    1.49638e+00    0.00000e+00
        LJ (SR)  Disper. corr.   Coulomb (SR)   Coul. recip.      Potential
    3.08456e+04   -1.45958e+03   -1.99102e+05    1.01294e+03   -1.67026e+05
    Kinetic En.   Total Energy  Conserved En.    Temperature Pres. DC (bar)
    2.97220e+04   -1.37304e+05   -7.84511e+04    3.00107e+02   -2.04366e+02
 Pressure (bar)   Constr. rmsd
   -4.62336e+01    3.77308e-06

           Step           Time
          38900       77.80000

   Energies (kJ/mol)
           Bond          Angle Ryckaert-Bell.          LJ-14     Coulomb-14
    1.78678e+02    1.39087e+03    1.68141e+02    1.75149e+00    0.00000e+00
        LJ (SR)  Disper. corr.   Coulomb (SR)   Coul. recip.      Potential
    3.04556e+04   -1.46012e+03   -1.98690e+05    9.26759e+02   -1.67028e+05
    Kinetic En.   Total Energy  Conserved En.    Temperature Pres. DC (bar)
    2.96592e+04   -1.37369e+05   -7.84420e+04    2.99474e+02   -2.04515e+02
 Pressure (bar)   Constr. rmsd
   -2.18915e+02    3.86027e-06

           Step           Time
          39000       78.00000

   Energies (kJ/mol)
           Bond          Angle Ryckaert-Bell.          LJ-14     Coulomb-14
    1.25513e+02    1.37126e+03    2.26867e+02    4.33523e+00    0.00000e+00
        LJ (SR)  Disper. corr.   Coulomb (SR)   Coul. recip.      Potential
    3.05100e+04   -1.46275e+03   -1.98502e+05    9.90766e+02   -1.66736e+05
    Kinetic En.   Total Energy  Conserved En.    Temperature Pres. DC (bar)
    2.98526e+04   -1.36884e+05   -7.84520e+04    3.01427e+02   -2.05253e+02
 Pressure (bar)   Constr. rmsd
   -2.12746e+01    3.86832e-06

           Step           Time
          39100       78.20000

   Energies (kJ/mol)
           Bond          Angle Ryckaert-Bell.          LJ-14     Coulomb-14
    1.79106e+02    1.40506e+03    2.04005e+02    1.12813e+00    0.00000e+00
        LJ (SR)  Disper. corr.   Coulomb (SR)   Coul. recip.      Potential
    3.13655e+04   -1.46298e+03   -1.99425e+05    9.98664e+02   -1.66734e+05
    Kinetic En.   Total Energy  Conserved En.    Temperature Pres. DC (bar)
    2.90942e+04   -1.37640e+05   -7.84397e+04    2.93768e+02   -2.05318e+02
 Pressure (bar)   Constr. rmsd
    1.52533e+02    3.54832e-06

           Step           Time
          39200       78.40000

   Energies (kJ/mol)
           Bond          Angle Ryckaert-Bell.          LJ-14     Coulomb-14
    1.46259e+02    1.42303e+03    2.19239e+02    3.28545e+00    0.00000e+00
        LJ (SR)  Disper. corr.   Coulomb (SR)   Coul. recip.      Potential
    3.09473e+04   -1.45746e+03   -1.99208e+05    9.45533e+02   -1.66981e+05
    Kinetic En.   Total Energy  Conserved En.    Temperature Pres. DC (bar)
    2.94786e+04   -1.37502e+05   -7.84391e+04    2.97651e+02   -2.03774e+02
 Pressure (bar)   Constr. rmsd
   -4.62214e+01    3.51068e-06

           Step           Time
          39300       78.60000

   Energies (kJ/mol)
           Bond          Angle Ryckaert-Bell.          LJ-14     Coulomb-14
    1.53141e+02    1.43051e+03    1.79761e+02   -2.98943e-01    0.00000e+00
        LJ (SR)  Disper. corr.   Coulomb (SR)   Coul. recip.      Potential
    3.10137e+04   -1.45211e+03   -1.99528e+05    9.48647e+02   -1.67255e+05
    Kinetic En.   Total Energy  Conserved En.    Temperature Pres. DC (bar)
    2.98114e+04   -1.37443e+05   -7.84397e+04    3.01011e+02   -2.02282e+02
 Pressure (bar)   Constr. rmsd
   -3.08413e+00    3.44501e-06

           Step           Time
          39400       78.80000

   Energies (kJ/mol)
           Bond          Angle Ryckaert-Bell.          LJ-14     Coulomb-14
    1.56159e+02    1.40609e+03    2.01479e+02    6.35457e-01    0.00000e+00
        LJ (SR)  Disper. corr.   Coulomb (SR)   Coul. recip.      Potential
    3.03575e+04   -1.45043e+03   -1.98653e+05    1.04109e+03   -1.66940e+05
    Kinetic En.   Total Energy  Conserved En.    Temperature Pres. DC (bar)
    2.92597e+04   -1.37681e+05   -7.84413e+04    2.95439e+02   -2.01815e+02
 Pressure (bar)   Constr. rmsd
   -3.17359e+02    4.00070e-06

           Step           Time
          39500       79.00000

   Energies (kJ/mol)
           Bond          Angle Ryckaert-Bell.          LJ-14     Coulomb-14
    1.31279e+02    1.40948e+03    1.68086e+02   -1.54235e+00    0.00000e+00
        LJ (SR)  Disper. corr.   Coulomb (SR)   Coul. recip.      Potential
    3.11176e+04   -1.45654e+03   -1.99380e+05    9.54872e+02   -1.67057e+05
    Kinetic En.   Total Energy  Conserved En.    Temperature Pres. DC (bar)
    2.96290e+04   -1.37428e+05   -7.84399e+04    2.99169e+02   -2.03516e+02
 Pressure (bar)   Constr. rmsd
   -3.61947e+01    3.48583e-06

           Step           Time
          39600       79.20000

   Energies (kJ/mol)
           Bond          Angle Ryckaert-Bell.          LJ-14     Coulomb-14
    1.57162e+02    1.34892e+03    2.16109e+02    6.32554e-01    0.00000e+00
        LJ (SR)  Disper. corr.   Coulomb (SR)   Coul. recip.      Potential
    3.13621e+04   -1.46474e+03   -1.99798e+05    9.46114e+02   -1.67232e+05
    Kinetic En.   Total Energy  Conserved En.    Temperature Pres. DC (bar)
    2.96717e+04   -1.37560e+05   -7.84343e+04    2.99600e+02   -2.05811e+02
 Pressure (bar)   Constr. rmsd
    1.17124e+02    3.80931e-06

           Step           Time
          39700       79.40000

   Energies (kJ/mol)
           Bond          Angle Ryckaert-Bell.          LJ-14     Coulomb-14
    1.44762e+02    1.39312e+03    1.98898e+02    3.38702e+00    0.00000e+00
        LJ (SR)  Disper. corr.   Coulomb (SR)   Coul. recip.      Potential
    3.12098e+04   -1.46844e+03   -1.99302e+05    9.52062e+02   -1.66868e+05
    Kinetic En.   Total Energy  Conserved En.    Temperature Pres. DC (bar)
    2.98506e+04   -1.37018e+05   -7.84296e+04    3.01406e+02   -2.06852e+02
 Pressure (bar)   Constr. rmsd
    2.85664e+02    3.87084e-06

           Step           Time
          39800       79.60000

   Energies (kJ/mol)
           Bond          Angle Ryckaert-Bell.          LJ-14     Coulomb-14
    1.43214e+02    1.41275e+03    2.02393e+02    4.24565e+00    0.00000e+00
        LJ (SR)  Disper. corr.   Coulomb (SR)   Coul. recip.      Potential
    3.09880e+04   -1.46592e+03   -1.98641e+05    9.09506e+02   -1.66447e+05
    Kinetic En.   Total Energy  Conserved En.    Temperature Pres. DC (bar)
    2.97319e+04   -1.36715e+05   -7.84332e+04    3.00208e+02   -2.06143e+02
 Pressure (bar)   Constr. rmsd
    1.89099e+02    3.76376e-06

           Step           Time
          39900       79.80000

   Energies (kJ/mol)
           Bond          Angle Ryckaert-Bell.          LJ-14     Coulomb-14
    1.53750e+02    1.45833e+03    1.95109e+02   -1.30784e+00    0.00000e+00
        LJ (SR)  Disper. corr.   Coulomb (SR)   Coul. recip.      Potential
    2.96569e+04   -1.46138e+03   -1.97503e+05    9.47235e+02   -1.66554e+05
    Kinetic En.   Total Energy  Conserved En.    Temperature Pres. DC (bar)
    2.97388e+04   -1.36816e+05   -7.84242e+04    3.00278e+02   -2.04869e+02
 Pressure (bar)   Constr. rmsd
   -5.22995e+02    3.82571e-06

           Step           Time
          40000       80.00000

   Energies (kJ/mol)
           Bond          Angle Ryckaert-Bell.          LJ-14     Coulomb-14
    1.57337e+02    1.44834e+03    1.94327e+02   -7.17894e-01    0.00000e+00
        LJ (SR)  Disper. corr.   Coulomb (SR)   Coul. recip.      Potential
    3.09680e+04   -1.46371e+03   -1.99075e+05    9.37689e+02   -1.66834e+05
    Kinetic En.   Total Energy  Conserved En.    Temperature Pres. DC (bar)
    2.99024e+04   -1.36932e+05   -7.84293e+04    3.01929e+02   -2.05523e+02
 Pressure (bar)   Constr. rmsd
    2.75552e+01    3.67248e-06

           Step           Time
          40100       80.20000

   Energies (kJ/mol)
           Bond          Angle Ryckaert-Bell.          LJ-14     Coulomb-14
    1.63538e+02    1.40440e+03    1.92576e+02    6.79804e+00    0.00000e+00
        LJ (SR)  Disper. corr.   Coulomb (SR)   Coul. recip.      Potential
    3.10516e+04   -1.46525e+03   -1.98659e+05    9.16181e+02   -1.66389e+05
    Kinetic En.   Total Energy  Conserved En.    Temperature Pres. DC (bar)
    2.94894e+04   -1.36900e+05   -7.84374e+04    2.97759e+02   -2.05955e+02
 Pressure (bar)   Constr. rmsd
    1.73637e+02    3.69631e-06

           Step           Time
          40200       80.40000

   Energies (kJ/mol)
           Bond          Angle Ryckaert-Bell.          LJ-14     Coulomb-14
    1.54369e+02    1.45726e+03    2.10383e+02    4.13505e+00    0.00000e+00
        LJ (SR)  Disper. corr.   Coulomb (SR)   Coul. recip.      Potential
    3.07036e+04   -1.46266e+03   -1.99036e+05    9.96428e+02   -1.66973e+05
    Kinetic En.   Total Energy  Conserved En.    Temperature Pres. DC (bar)
    2.99502e+04   -1.37023e+05   -7.84340e+04    3.02412e+02   -2.05228e+02
 Pressure (bar)   Constr. rmsd
   -9.28623e+01    3.01653e-06

           Step           Time
          40300       80.60000

   Energies (kJ/mol)
           Bond          Angle Ryckaert-Bell.          LJ-14     Coulomb-14
    1.60747e+02    1.44758e+03    2.05556e+02   -2.35860e+00    0.00000e+00
        LJ (SR)  Disper. corr.   Coulomb (SR)   Coul. recip.      Potential
    3.09861e+04   -1.45938e+03   -1.98519e+05    9.58866e+02   -1.66222e+05
    Kinetic En.   Total Energy  Conserved En.    Temperature Pres. DC (bar)
    2.93826e+04   -1.36839e+05   -7.84292e+04    2.96680e+02   -2.04311e+02
 Pressure (bar)   Constr. rmsd
    5.54814e+01    3.28963e-06

           Step           Time
          40400       80.80000

   Energies (kJ/mol)
           Bond          Angle Ryckaert-Bell.          LJ-14     Coulomb-14
    1.89089e+02    1.41438e+03    1.82445e+02   -5.01214e-01    0.00000e+00
        LJ (SR)  Disper. corr.   Coulomb (SR)   Coul. recip.      Potential
    3.06318e+04   -1.45433e+03   -1.98082e+05    9.43213e+02   -1.66176e+05
    Kinetic En.   Total Energy  Conserved En.    Temperature Pres. DC (bar)
    3.00302e+04   -1.36146e+05   -7.84290e+04    3.03219e+02   -2.02900e+02
 Pressure (bar)   Constr. rmsd
   -1.55682e+02    3.82993e-06

           Step           Time
          40500       81.00000

   Energies (kJ/mol)
           Bond          Angle Ryckaert-Bell.          LJ-14     Coulomb-14
    1.48248e+02    1.36206e+03    2.05955e+02    7.83898e+00    0.00000e+00
        LJ (SR)  Disper. corr.   Coulomb (SR)   Coul. recip.      Potential
    3.09088e+04   -1.44990e+03   -1.98766e+05    1.02993e+03   -1.66553e+05
    Kinetic En.   Total Energy  Conserved En.    Temperature Pres. DC (bar)
    3.03350e+04   -1.36218e+05   -7.84338e+04    3.06298e+02   -2.01668e+02
 Pressure (bar)   Constr. rmsd
    9.12599e+00    3.72377e-06

           Step           Time
          40600       81.20000

Writing checkpoint, step 40600 at Mon Dec 16 21:24:34 2024


   Energies (kJ/mol)
           Bond          Angle Ryckaert-Bell.          LJ-14     Coulomb-14
    1.68882e+02    1.42186e+03    1.94648e+02    3.28691e+00    0.00000e+00
        LJ (SR)  Disper. corr.   Coulomb (SR)   Coul. recip.      Potential
    3.10094e+04   -1.44547e+03   -1.98738e+05    9.74693e+02   -1.66411e+05
    Kinetic En.   Total Energy  Conserved En.    Temperature Pres. DC (bar)
    2.98237e+04   -1.36587e+05   -7.84269e+04    3.01135e+02   -2.00438e+02
 Pressure (bar)   Constr. rmsd
    5.82670e+01    3.48339e-06

           Step           Time
          40700       81.40000

   Energies (kJ/mol)
           Bond          Angle Ryckaert-Bell.          LJ-14     Coulomb-14
    1.72935e+02    1.47171e+03    2.07407e+02   -8.36036e-01    0.00000e+00
        LJ (SR)  Disper. corr.   Coulomb (SR)   Coul. recip.      Potential
    3.07896e+04   -1.44483e+03   -1.98640e+05    9.94286e+02   -1.66449e+05
    Kinetic En.   Total Energy  Conserved En.    Temperature Pres. DC (bar)
    2.97742e+04   -1.36675e+05   -7.84199e+04    3.00635e+02   -2.00262e+02
 Pressure (bar)   Constr. rmsd
   -8.30123e+01    3.37734e-06

           Step           Time
          40800       81.60000

   Energies (kJ/mol)
           Bond          Angle Ryckaert-Bell.          LJ-14     Coulomb-14
    1.63981e+02    1.49672e+03    2.15324e+02    8.80552e-01    0.00000e+00
        LJ (SR)  Disper. corr.   Coulomb (SR)   Coul. recip.      Potential
    3.05169e+04   -1.44922e+03   -1.97950e+05    9.70289e+02   -1.66035e+05
    Kinetic En.   Total Energy  Conserved En.    Temperature Pres. DC (bar)
    2.98022e+04   -1.36233e+05   -7.84182e+04    3.00918e+02   -2.01479e+02
 Pressure (bar)   Constr. rmsd
   -2.74995e+02    3.38338e-06

           Step           Time
          40900       81.80000

   Energies (kJ/mol)
           Bond          Angle Ryckaert-Bell.          LJ-14     Coulomb-14
    1.72261e+02    1.48704e+03    1.84891e+02    3.41965e+00    0.00000e+00
        LJ (SR)  Disper. corr.   Coulomb (SR)   Coul. recip.      Potential
    3.05892e+04   -1.45480e+03   -1.97851e+05    1.01559e+03   -1.65854e+05
    Kinetic En.   Total Energy  Conserved En.    Temperature Pres. DC (bar)
    2.99519e+04   -1.35902e+05   -7.84220e+04    3.02429e+02   -2.03030e+02
 Pressure (bar)   Constr. rmsd
   -8.96909e+01    3.50060e-06

           Step           Time
          41000       82.00000

   Energies (kJ/mol)
           Bond          Angle Ryckaert-Bell.          LJ-14     Coulomb-14
    1.30690e+02    1.37144e+03    1.54053e+02   -2.70154e+00    0.00000e+00
        LJ (SR)  Disper. corr.   Coulomb (SR)   Coul. recip.      Potential
    3.12342e+04   -1.45677e+03   -1.98837e+05    1.00569e+03   -1.66400e+05
    Kinetic En.   Total Energy  Conserved En.    Temperature Pres. DC (bar)
    2.99151e+04   -1.36485e+05   -7.84293e+04    3.02058e+02   -2.03581e+02
 Pressure (bar)   Constr. rmsd
    2.49617e+02    3.66309e-06

           Step           Time
          41100       82.20000

   Energies (kJ/mol)
           Bond          Angle Ryckaert-Bell.          LJ-14     Coulomb-14
    1.78987e+02    1.41651e+03    1.75536e+02   -1.70942e+00    0.00000e+00
        LJ (SR)  Disper. corr.   Coulomb (SR)   Coul. recip.      Potential
    3.07342e+04   -1.45222e+03   -1.98263e+05    1.01286e+03   -1.66199e+05
    Kinetic En.   Total Energy  Conserved En.    Temperature Pres. DC (bar)
    2.97846e+04   -1.36414e+05   -7.84198e+04    3.00740e+02   -2.02312e+02
 Pressure (bar)   Constr. rmsd
   -2.57885e+01    3.39707e-06

           Step           Time
          41200       82.40000

   Energies (kJ/mol)
           Bond          Angle Ryckaert-Bell.          LJ-14     Coulomb-14
    1.52388e+02    1.44354e+03    2.09850e+02    2.48862e+00    0.00000e+00
        LJ (SR)  Disper. corr.   Coulomb (SR)   Coul. recip.      Potential
    3.03057e+04   -1.44708e+03   -1.97685e+05    1.04764e+03   -1.65971e+05
    Kinetic En.   Total Energy  Conserved En.    Temperature Pres. DC (bar)
    2.99109e+04   -1.36060e+05   -7.84147e+04    3.02015e+02   -2.00885e+02
 Pressure (bar)   Constr. rmsd
   -2.17915e+02    3.50627e-06

           Step           Time
          41300       82.60000

   Energies (kJ/mol)
           Bond          Angle Ryckaert-Bell.          LJ-14     Coulomb-14
    1.63935e+02    1.41571e+03    2.35280e+02    3.93160e+00    0.00000e+00
        LJ (SR)  Disper. corr.   Coulomb (SR)   Coul. recip.      Potential
    2.99797e+04   -1.44754e+03   -1.97628e+05    9.86407e+02   -1.66291e+05
    Kinetic En.   Total Energy  Conserved En.    Temperature Pres. DC (bar)
    3.02249e+04   -1.36066e+05   -7.84287e+04    3.05186e+02   -2.01012e+02
 Pressure (bar)   Constr. rmsd
   -4.61739e+02    3.56310e-06

           Step           Time
          41400       82.80000

   Energies (kJ/mol)
           Bond          Angle Ryckaert-Bell.          LJ-14     Coulomb-14
    1.43651e+02    1.46105e+03    1.89848e+02    3.27589e+00    0.00000e+00
        LJ (SR)  Disper. corr.   Coulomb (SR)   Coul. recip.      Potential
    3.10931e+04   -1.45923e+03   -1.98375e+05    9.46788e+02   -1.65997e+05
    Kinetic En.   Total Energy  Conserved En.    Temperature Pres. DC (bar)
    3.02356e+04   -1.35761e+05   -7.84194e+04    3.05294e+02   -2.04266e+02
 Pressure (bar)   Constr. rmsd
    1.73783e+02    3.46299e-06

           Step           Time
          41500       83.00000

   Energies (kJ/mol)
           Bond          Angle Ryckaert-Bell.          LJ-14     Coulomb-14
    1.68093e+02    1.41050e+03    1.88922e+02    5.03089e+00    0.00000e+00
        LJ (SR)  Disper. corr.   Coulomb (SR)   Coul. recip.      Potential
    3.08157e+04   -1.47143e+03   -1.98929e+05    9.71989e+02   -1.66840e+05
    Kinetic En.   Total Energy  Conserved En.    Temperature Pres. DC (bar)
    2.99733e+04   -1.36867e+05   -7.84116e+04    3.02645e+02   -2.07695e+02
 Pressure (bar)   Constr. rmsd
    6.32505e+01    3.64842e-06

           Step           Time
          41600       83.20000

   Energies (kJ/mol)
           Bond          Angle Ryckaert-Bell.          LJ-14     Coulomb-14
    1.43670e+02    1.42446e+03    1.96655e+02    1.87344e+00    0.00000e+00
        LJ (SR)  Disper. corr.   Coulomb (SR)   Coul. recip.      Potential
    3.04973e+04   -1.48161e+03   -1.98337e+05    9.54391e+02   -1.66601e+05
    Kinetic En.   Total Energy  Conserved En.    Temperature Pres. DC (bar)
    3.00897e+04   -1.36511e+05   -7.83899e+04    3.03820e+02   -2.10573e+02
 Pressure (bar)   Constr. rmsd
    1.62765e+02    3.56076e-06

           Step           Time
          41700       83.40000

   Energies (kJ/mol)
           Bond          Angle Ryckaert-Bell.          LJ-14     Coulomb-14
    1.62166e+02    1.45556e+03    2.15005e+02    4.10944e+00    0.00000e+00
        LJ (SR)  Disper. corr.   Coulomb (SR)   Coul. recip.      Potential
    3.15287e+04   -1.48742e+03   -1.99662e+05    9.75549e+02   -1.66808e+05
    Kinetic En.   Total Energy  Conserved En.    Temperature Pres. DC (bar)
    3.02620e+04   -1.36546e+05   -7.83776e+04    3.05561e+02   -2.12225e+02
 Pressure (bar)   Constr. rmsd
    6.83478e+02    3.34718e-06

           Step           Time
          41800       83.60000

   Energies (kJ/mol)
           Bond          Angle Ryckaert-Bell.          LJ-14     Coulomb-14
    1.59047e+02    1.47054e+03    1.91614e+02    3.81126e+00    0.00000e+00
        LJ (SR)  Disper. corr.   Coulomb (SR)   Coul. recip.      Potential
    3.06121e+04   -1.47959e+03   -1.98531e+05    9.88133e+02   -1.66585e+05
    Kinetic En.   Total Energy  Conserved En.    Temperature Pres. DC (bar)
    2.97901e+04   -1.36795e+05   -7.83794e+04    3.00795e+02   -2.10000e+02
 Pressure (bar)   Constr. rmsd
    1.48959e+02    3.51713e-06

           Step           Time
          41900       83.80000

   Energies (kJ/mol)
           Bond          Angle Ryckaert-Bell.          LJ-14     Coulomb-14
    1.45761e+02    1.43041e+03    2.04148e+02    5.38606e+00    0.00000e+00
        LJ (SR)  Disper. corr.   Coulomb (SR)   Coul. recip.      Potential
    3.04818e+04   -1.46623e+03   -1.98263e+05    9.62060e+02   -1.66499e+05
    Kinetic En.   Total Energy  Conserved En.    Temperature Pres. DC (bar)
    2.98686e+04   -1.36631e+05   -7.83693e+04    3.01589e+02   -2.06230e+02
 Pressure (bar)   Constr. rmsd
   -1.10183e+02    3.65718e-06

           Step           Time
          42000       84.00000

   Energies (kJ/mol)
           Bond          Angle Ryckaert-Bell.          LJ-14     Coulomb-14
    1.43322e+02    1.40827e+03    1.97183e+02    1.33849e-02    0.00000e+00
        LJ (SR)  Disper. corr.   Coulomb (SR)   Coul. recip.      Potential
    2.94154e+04   -1.45696e+03   -1.97135e+05    1.00102e+03   -1.66427e+05
    Kinetic En.   Total Energy  Conserved En.    Temperature Pres. DC (bar)
    2.99385e+04   -1.36489e+05   -7.83676e+04    3.02294e+02   -2.03632e+02
 Pressure (bar)   Constr. rmsd
   -5.57371e+02    3.52423e-06

           Step           Time
          42100       84.20000

   Energies (kJ/mol)
           Bond          Angle Ryckaert-Bell.          LJ-14     Coulomb-14
    1.60348e+02    1.38055e+03    2.33783e+02    6.71977e+00    0.00000e+00
        LJ (SR)  Disper. corr.   Coulomb (SR)   Coul. recip.      Potential
    3.06288e+04   -1.46012e+03   -1.98579e+05    9.40311e+02   -1.66689e+05
    Kinetic En.   Total Energy  Conserved En.    Temperature Pres. DC (bar)
    2.96845e+04   -1.37004e+05   -7.83819e+04    2.99729e+02   -2.04517e+02
 Pressure (bar)   Constr. rmsd
   -6.93546e+01    3.83597e-06

           Step           Time
          42200       84.40000

   Energies (kJ/mol)
           Bond          Angle Ryckaert-Bell.          LJ-14     Coulomb-14
    1.04842e+02    1.43211e+03    1.94487e+02   -6.07949e-01    0.00000e+00
        LJ (SR)  Disper. corr.   Coulomb (SR)   Coul. recip.      Potential
    3.05568e+04   -1.46652e+03   -1.98370e+05    9.41125e+02   -1.66608e+05
    Kinetic En.   Total Energy  Conserved En.    Temperature Pres. DC (bar)
    2.95707e+04   -1.37037e+05   -7.83695e+04    2.98581e+02   -2.06312e+02
 Pressure (bar)   Constr. rmsd
   -6.66670e+01    3.89461e-06

           Step           Time
          42300       84.60000

   Energies (kJ/mol)
           Bond          Angle Ryckaert-Bell.          LJ-14     Coulomb-14
    1.59048e+02    1.49185e+03    1.99156e+02    3.96449e-01    0.00000e+00
        LJ (SR)  Disper. corr.   Coulomb (SR)   Coul. recip.      Potential
    3.10078e+04   -1.47237e+03   -1.99253e+05    9.91574e+02   -1.66876e+05
    Kinetic En.   Total Energy  Conserved En.    Temperature Pres. DC (bar)
    2.97258e+04   -1.37150e+05   -7.83596e+04    3.00146e+02   -2.07959e+02
 Pressure (bar)   Constr. rmsd
    7.78622e+01    3.25427e-06

           Step           Time
          42400       84.80000

   Energies (kJ/mol)
           Bond          Angle Ryckaert-Bell.          LJ-14     Coulomb-14
    1.22922e+02    1.47594e+03    1.71248e+02    2.39808e+00    0.00000e+00
        LJ (SR)  Disper. corr.   Coulomb (SR)   Coul. recip.      Potential
    3.03626e+04   -1.47091e+03   -1.98264e+05    9.71837e+02   -1.66628e+05
    Kinetic En.   Total Energy  Conserved En.    Temperature Pres. DC (bar)
    2.94267e+04   -1.37201e+05   -7.83702e+04    2.97127e+02   -2.07546e+02
 Pressure (bar)   Constr. rmsd
   -2.63023e+01    3.62672e-06

           Step           Time
          42500       85.00000

   Energies (kJ/mol)
           Bond          Angle Ryckaert-Bell.          LJ-14     Coulomb-14
    1.45339e+02    1.44575e+03    2.23030e+02    3.75800e+00    0.00000e+00
        LJ (SR)  Disper. corr.   Coulomb (SR)   Coul. recip.      Potential
    3.12386e+04   -1.46594e+03   -1.99415e+05    9.79031e+02   -1.66845e+05
    Kinetic En.   Total Energy  Conserved En.    Temperature Pres. DC (bar)
    2.93574e+04   -1.37488e+05   -7.83612e+04    2.96426e+02   -2.06147e+02
 Pressure (bar)   Constr. rmsd
    2.79539e+02    3.21587e-06

           Step           Time
          42600       85.20000

   Energies (kJ/mol)
           Bond          Angle Ryckaert-Bell.          LJ-14     Coulomb-14
    1.37365e+02    1.47210e+03    1.88269e+02    3.96387e+00    0.00000e+00
        LJ (SR)  Disper. corr.   Coulomb (SR)   Coul. recip.      Potential
    2.99212e+04   -1.45765e+03   -1.98242e+05    9.41333e+02   -1.67035e+05
    Kinetic En.   Total Energy  Conserved En.    Temperature Pres. DC (bar)
    2.98220e+04   -1.37213e+05   -7.83530e+04    3.01118e+02   -2.03827e+02
 Pressure (bar)   Constr. rmsd
   -4.46717e+02    3.42919e-06

           Step           Time
          42700       85.40000

   Energies (kJ/mol)
           Bond          Angle Ryckaert-Bell.          LJ-14     Coulomb-14
    1.42722e+02    1.46535e+03    1.82416e+02    9.78210e-01    0.00000e+00
        LJ (SR)  Disper. corr.   Coulomb (SR)   Coul. recip.      Potential
    3.12600e+04   -1.45631e+03   -1.99714e+05    9.01385e+02   -1.67218e+05
    Kinetic En.   Total Energy  Conserved En.    Temperature Pres. DC (bar)
    3.02024e+04   -1.37015e+05   -7.83590e+04    3.04959e+02   -2.03451e+02
 Pressure (bar)   Constr. rmsd
   -2.79558e+01    3.53322e-06

           Step           Time
          42800       85.60000

   Energies (kJ/mol)
           Bond          Angle Ryckaert-Bell.          LJ-14     Coulomb-14
    1.39651e+02    1.42759e+03    1.57473e+02   -1.90750e+00    0.00000e+00
        LJ (SR)  Disper. corr.   Coulomb (SR)   Coul. recip.      Potential
    3.11807e+04   -1.45655e+03   -1.99742e+05    9.52372e+02   -1.67343e+05
    Kinetic En.   Total Energy  Conserved En.    Temperature Pres. DC (bar)
    2.98023e+04   -1.37540e+05   -7.83628e+04    3.00919e+02   -2.03518e+02
 Pressure (bar)   Constr. rmsd
   -2.76548e+01    3.80151e-06

           Step           Time
          42900       85.80000

   Energies (kJ/mol)
           Bond          Angle Ryckaert-Bell.          LJ-14     Coulomb-14
    1.41372e+02    1.44767e+03    1.53811e+02   -9.55673e-01    0.00000e+00
        LJ (SR)  Disper. corr.   Coulomb (SR)   Coul. recip.      Potential
    3.19970e+04   -1.45630e+03   -1.99973e+05    9.67738e+02   -1.66723e+05
    Kinetic En.   Total Energy  Conserved En.    Temperature Pres. DC (bar)
    2.99134e+04   -1.36810e+05   -7.83601e+04    3.02041e+02   -2.03448e+02
 Pressure (bar)   Constr. rmsd
    5.08631e+02    3.59447e-06

           Step           Time
          43000       86.00000

   Energies (kJ/mol)
           Bond          Angle Ryckaert-Bell.          LJ-14     Coulomb-14
    1.34302e+02    1.46736e+03    1.91943e+02   -6.71622e-01    0.00000e+00
        LJ (SR)  Disper. corr.   Coulomb (SR)   Coul. recip.      Potential
    3.06270e+04   -1.45005e+03   -1.98990e+05    9.91383e+02   -1.67029e+05
    Kinetic En.   Total Energy  Conserved En.    Temperature Pres. DC (bar)
    2.99644e+04   -1.37065e+05   -7.83614e+04    3.02556e+02   -2.01709e+02
 Pressure (bar)   Constr. rmsd
   -1.99852e+02    3.45061e-06

           Step           Time
          43100       86.20000

   Energies (kJ/mol)
           Bond          Angle Ryckaert-Bell.          LJ-14     Coulomb-14
    1.62158e+02    1.55575e+03    2.20164e+02    2.61659e+00    0.00000e+00
        LJ (SR)  Disper. corr.   Coulomb (SR)   Coul. recip.      Potential
    3.05784e+04   -1.44732e+03   -1.98180e+05    9.73061e+02   -1.66135e+05
    Kinetic En.   Total Energy  Conserved En.    Temperature Pres. DC (bar)
    2.93516e+04   -1.36784e+05   -7.83492e+04    2.96368e+02   -2.00952e+02
 Pressure (bar)   Constr. rmsd
   -1.66687e+02    3.51427e-06

           Step           Time
          43200       86.40000

   Energies (kJ/mol)
           Bond          Angle Ryckaert-Bell.          LJ-14     Coulomb-14
    1.30777e+02    1.50195e+03    1.96937e+02    1.86985e+00    0.00000e+00
        LJ (SR)  Disper. corr.   Coulomb (SR)   Coul. recip.      Potential
    3.12203e+04   -1.44750e+03   -1.99298e+05    1.01112e+03   -1.66682e+05
    Kinetic En.   Total Energy  Conserved En.    Temperature Pres. DC (bar)
    2.94699e+04   -1.37212e+05   -7.83578e+04    2.97562e+02   -2.01001e+02
 Pressure (bar)   Constr. rmsd
   -5.10706e+00    3.71580e-06

           Step           Time
          43300       86.60000

   Energies (kJ/mol)
           Bond          Angle Ryckaert-Bell.          LJ-14     Coulomb-14
    1.70434e+02    1.54207e+03    1.93298e+02    2.99931e+00    0.00000e+00
        LJ (SR)  Disper. corr.   Coulomb (SR)   Coul. recip.      Potential
    3.09211e+04   -1.44953e+03   -1.98303e+05    9.53034e+02   -1.65970e+05
    Kinetic En.   Total Energy  Conserved En.    Temperature Pres. DC (bar)
    2.94954e+04   -1.36474e+05   -7.83499e+04    2.97820e+02   -2.01565e+02
 Pressure (bar)   Constr. rmsd
   -2.01762e+01    3.99469e-06

           Step           Time
          43400       86.80000

   Energies (kJ/mol)
           Bond          Angle Ryckaert-Bell.          LJ-14     Coulomb-14
    1.25681e+02    1.53379e+03    1.82018e+02    3.61324e-01    0.00000e+00
        LJ (SR)  Disper. corr.   Coulomb (SR)   Coul. recip.      Potential
    3.05808e+04   -1.45364e+03   -1.98383e+05    9.99858e+02   -1.66415e+05
    Kinetic En.   Total Energy  Conserved En.    Temperature Pres. DC (bar)
    2.93399e+04   -1.37075e+05   -7.83507e+04    2.96250e+02   -2.02707e+02
 Pressure (bar)   Constr. rmsd
   -1.28798e+02    3.39272e-06

           Step           Time
          43500       87.00000

   Energies (kJ/mol)
           Bond          Angle Ryckaert-Bell.          LJ-14     Coulomb-14
    1.70975e+02    1.47596e+03    1.95845e+02    1.23599e+00    0.00000e+00
        LJ (SR)  Disper. corr.   Coulomb (SR)   Coul. recip.      Potential
    3.02661e+04   -1.46022e+03   -1.98003e+05    1.02865e+03   -1.66325e+05
    Kinetic En.   Total Energy  Conserved En.    Temperature Pres. DC (bar)
    2.93411e+04   -1.36984e+05   -7.83542e+04    2.96262e+02   -2.04545e+02
 Pressure (bar)   Constr. rmsd
   -1.84661e+02    3.97304e-06

           Step           Time
          43600       87.20000

   Energies (kJ/mol)
           Bond          Angle Ryckaert-Bell.          LJ-14     Coulomb-14
    1.17670e+02    1.55026e+03    2.15744e+02    7.53546e+00    0.00000e+00
        LJ (SR)  Disper. corr.   Coulomb (SR)   Coul. recip.      Potential
    3.01674e+04   -1.46883e+03   -1.97946e+05    9.38692e+02   -1.66418e+05
    Kinetic En.   Total Energy  Conserved En.    Temperature Pres. DC (bar)
    2.96839e+04   -1.36734e+05   -7.83395e+04    2.99723e+02   -2.06961e+02
 Pressure (bar)   Constr. rmsd
   -1.32637e+02    3.68227e-06

           Step           Time
          43700       87.40000

   Energies (kJ/mol)
           Bond          Angle Ryckaert-Bell.          LJ-14     Coulomb-14
    1.39226e+02    1.47411e+03    1.66363e+02    1.56487e+00    0.00000e+00
        LJ (SR)  Disper. corr.   Coulomb (SR)   Coul. recip.      Potential
    3.19950e+04   -1.47751e+03   -2.00174e+05    9.68143e+02   -1.66907e+05
    Kinetic En.   Total Energy  Conserved En.    Temperature Pres. DC (bar)
    3.02291e+04   -1.36678e+05   -7.83371e+04    3.05228e+02   -2.09411e+02
 Pressure (bar)   Constr. rmsd
    7.14333e+02    4.05069e-06

           Step           Time
          43800       87.60000

   Energies (kJ/mol)
           Bond          Angle Ryckaert-Bell.          LJ-14     Coulomb-14
    1.31740e+02    1.44938e+03    1.88233e+02   -4.31304e+00    0.00000e+00
        LJ (SR)  Disper. corr.   Coulomb (SR)   Coul. recip.      Potential
    3.14115e+04   -1.47182e+03   -1.99613e+05    9.61667e+02   -1.66947e+05
    Kinetic En.   Total Energy  Conserved En.    Temperature Pres. DC (bar)
    2.98711e+04   -1.37076e+05   -7.83522e+04    3.01613e+02   -2.07804e+02
 Pressure (bar)   Constr. rmsd
    2.35675e+02    3.73176e-06

           Step           Time
          43900       87.80000

   Energies (kJ/mol)
           Bond          Angle Ryckaert-Bell.          LJ-14     Coulomb-14
    1.24813e+02    1.52167e+03    1.82427e+02   -6.56173e-01    0.00000e+00
        LJ (SR)  Disper. corr.   Coulomb (SR)   Coul. recip.      Potential
    3.04404e+04   -1.45504e+03   -1.98050e+05    9.65142e+02   -1.66271e+05
    Kinetic En.   Total Energy  Conserved En.    Temperature Pres. DC (bar)
    2.93408e+04   -1.36930e+05   -7.83122e+04    2.96259e+02   -2.03099e+02
 Pressure (bar)   Constr. rmsd
   -1.43943e+02    3.62833e-06

           Step           Time
          44000       88.00000

   Energies (kJ/mol)
           Bond          Angle Ryckaert-Bell.          LJ-14     Coulomb-14
    1.28501e+02    1.53462e+03    1.84496e+02    5.50706e+00    0.00000e+00
        LJ (SR)  Disper. corr.   Coulomb (SR)   Coul. recip.      Potential
    3.00468e+04   -1.43894e+03   -1.97869e+05    9.56346e+02   -1.66452e+05
    Kinetic En.   Total Energy  Conserved En.    Temperature Pres. DC (bar)
    2.95887e+04   -1.36863e+05   -7.82940e+04    2.98762e+02   -1.98632e+02
 Pressure (bar)   Constr. rmsd
   -3.36950e+02    3.39088e-06

           Step           Time
          44100       88.20000

   Energies (kJ/mol)
           Bond          Angle Ryckaert-Bell.          LJ-14     Coulomb-14
    1.16669e+02    1.60503e+03    2.10492e+02    4.20956e+00    0.00000e+00
        LJ (SR)  Disper. corr.   Coulomb (SR)   Coul. recip.      Potential
    2.92527e+04   -1.43661e+03   -1.96687e+05    1.02452e+03   -1.65910e+05
    Kinetic En.   Total Energy  Conserved En.    Temperature Pres. DC (bar)
    2.97906e+04   -1.36119e+05   -7.82960e+04    3.00800e+02   -1.97992e+02
 Pressure (bar)   Constr. rmsd
   -7.76999e+02    3.72633e-06

           Step           Time
          44200       88.40000

   Energies (kJ/mol)
           Bond          Angle Ryckaert-Bell.          LJ-14     Coulomb-14
    1.27479e+02    1.54126e+03    1.77125e+02   -1.79519e+00    0.00000e+00
        LJ (SR)  Disper. corr.   Coulomb (SR)   Coul. recip.      Potential
    3.03726e+04   -1.45130e+03   -1.97874e+05    9.48786e+02   -1.66160e+05
    Kinetic En.   Total Energy  Conserved En.    Temperature Pres. DC (bar)
    3.03590e+04   -1.35801e+05   -7.82899e+04    3.06540e+02   -2.02057e+02
 Pressure (bar)   Constr. rmsd
   -2.30801e+02    4.07470e-06

           Step           Time
          44300       88.60000

   Energies (kJ/mol)
           Bond          Angle Ryckaert-Bell.          LJ-14     Coulomb-14
    1.28962e+02    1.48152e+03    2.37967e+02    6.67453e+00    0.00000e+00
        LJ (SR)  Disper. corr.   Coulomb (SR)   Coul. recip.      Potential
    3.14874e+04   -1.47131e+03   -1.99388e+05    9.97016e+02   -1.66520e+05
    Kinetic En.   Total Energy  Conserved En.    Temperature Pres. DC (bar)
    2.94445e+04   -1.37076e+05   -7.82492e+04    2.97306e+02   -2.07659e+02
 Pressure (bar)   Constr. rmsd
    3.81558e+02    4.03839e-06

           Step           Time
          44400       88.80000

   Energies (kJ/mol)
           Bond          Angle Ryckaert-Bell.          LJ-14     Coulomb-14
    1.38659e+02    1.43834e+03    1.66010e+02    1.00930e+00    0.00000e+00
        LJ (SR)  Disper. corr.   Coulomb (SR)   Coul. recip.      Potential
    3.16539e+04   -1.48421e+03   -2.00333e+05    8.87588e+02   -1.67532e+05
    Kinetic En.   Total Energy  Conserved En.    Temperature Pres. DC (bar)
    2.97290e+04   -1.37803e+05   -7.82481e+04    3.00178e+02   -2.11311e+02
 Pressure (bar)   Constr. rmsd
    4.85681e+02    3.56733e-06

           Step           Time
          44500       89.00000

   Energies (kJ/mol)
           Bond          Angle Ryckaert-Bell.          LJ-14     Coulomb-14
    1.24597e+02    1.47391e+03    2.05552e+02    1.27592e+00    0.00000e+00
        LJ (SR)  Disper. corr.   Coulomb (SR)   Coul. recip.      Potential
    3.15793e+04   -1.48374e+03   -1.99870e+05    9.41906e+02   -1.67028e+05
    Kinetic En.   Total Energy  Conserved En.    Temperature Pres. DC (bar)
    2.96493e+04   -1.37378e+05   -7.82418e+04    2.99373e+02   -2.11179e+02
 Pressure (bar)   Constr. rmsd
    6.88623e+02    3.73678e-06

           Step           Time
          44600       89.20000

   Energies (kJ/mol)
           Bond          Angle Ryckaert-Bell.          LJ-14     Coulomb-14
    1.65914e+02    1.47577e+03    1.89015e+02   -3.26212e+00    0.00000e+00
        LJ (SR)  Disper. corr.   Coulomb (SR)   Coul. recip.      Potential
    3.14029e+04   -1.46911e+03   -1.99864e+05    9.86348e+02   -1.67116e+05
    Kinetic En.   Total Energy  Conserved En.    Temperature Pres. DC (bar)
    2.93075e+04   -1.37809e+05   -7.82184e+04    2.95922e+02   -2.07040e+02
 Pressure (bar)   Constr. rmsd
    2.20945e+02    3.83271e-06

           Step           Time
          44700       89.40000

   Energies (kJ/mol)
           Bond          Angle Ryckaert-Bell.          LJ-14     Coulomb-14
    1.20418e+02    1.49845e+03    2.07779e+02    1.68796e+00    0.00000e+00
        LJ (SR)  Disper. corr.   Coulomb (SR)   Coul. recip.      Potential
    2.99220e+04   -1.45022e+03   -1.97704e+05    9.26495e+02   -1.66477e+05
    Kinetic En.   Total Energy  Conserved En.    Temperature Pres. DC (bar)
    2.91337e+04   -1.37344e+05   -7.81772e+04    2.94167e+02   -2.01756e+02
 Pressure (bar)   Constr. rmsd
   -5.96676e+02    3.38124e-06

           Step           Time
          44800       89.60000

   Energies (kJ/mol)
           Bond          Angle Ryckaert-Bell.          LJ-14     Coulomb-14
    1.74502e+02    1.51301e+03    1.74081e+02    6.95227e+00    0.00000e+00
        LJ (SR)  Disper. corr.   Coulomb (SR)   Coul. recip.      Potential
    2.99721e+04   -1.44100e+03   -1.97246e+05    9.92434e+02   -1.65853e+05
    Kinetic En.   Total Energy  Conserved En.    Temperature Pres. DC (bar)
    2.93016e+04   -1.36552e+05   -7.81648e+04    2.95864e+02   -1.99201e+02
 Pressure (bar)   Constr. rmsd
   -4.44441e+02    3.75985e-06

           Step           Time
          44900       89.80000

   Energies (kJ/mol)
           Bond          Angle Ryckaert-Bell.          LJ-14     Coulomb-14
    1.28868e+02    1.52553e+03    1.98861e+02    2.59869e+00    0.00000e+00
        LJ (SR)  Disper. corr.   Coulomb (SR)   Coul. recip.      Potential
    3.00773e+04   -1.44365e+03   -1.97870e+05    1.01440e+03   -1.66367e+05
    Kinetic En.   Total Energy  Conserved En.    Temperature Pres. DC (bar)
    3.01154e+04   -1.36251e+05   -7.81957e+04    3.04080e+02   -1.99933e+02
 Pressure (bar)   Constr. rmsd
   -3.73456e+02    3.75347e-06

           Step           Time
          45000       90.00000

   Energies (kJ/mol)
           Bond          Angle Ryckaert-Bell.          LJ-14     Coulomb-14
    1.73091e+02    1.48215e+03    1.95948e+02   -2.00943e+00    0.00000e+00
        LJ (SR)  Disper. corr.   Coulomb (SR)   Coul. recip.      Potential
    3.15812e+04   -1.45655e+03   -1.99493e+05    1.04051e+03   -1.66479e+05
    Kinetic En.   Total Energy  Conserved En.    Temperature Pres. DC (bar)
    2.95612e+04   -1.36918e+05   -7.81732e+04    2.98484e+02   -2.03518e+02
 Pressure (bar)   Constr. rmsd
    3.17639e+02    3.81959e-06

           Step           Time
          45100       90.20000

   Energies (kJ/mol)
           Bond          Angle Ryckaert-Bell.          LJ-14     Coulomb-14
    1.40443e+02    1.52295e+03    1.80656e+02   -4.54511e+00    0.00000e+00
        LJ (SR)  Disper. corr.   Coulomb (SR)   Coul. recip.      Potential
    3.07804e+04   -1.46566e+03   -1.98849e+05    9.99825e+02   -1.66695e+05
    Kinetic En.   Total Energy  Conserved En.    Temperature Pres. DC (bar)
    2.96954e+04   -1.37000e+05   -7.81592e+04    2.99839e+02   -2.06069e+02
 Pressure (bar)   Constr. rmsd
   -7.90981e+01    3.77639e-06

           Step           Time
          45200       90.40000

   Energies (kJ/mol)
           Bond          Angle Ryckaert-Bell.          LJ-14     Coulomb-14
    1.87017e+02    1.49523e+03    2.08543e+02    3.41935e+00    0.00000e+00
        LJ (SR)  Disper. corr.   Coulomb (SR)   Coul. recip.      Potential
    3.17399e+04   -1.47529e+03   -1.99879e+05    9.17749e+02   -1.66803e+05
    Kinetic En.   Total Energy  Conserved En.    Temperature Pres. DC (bar)
    2.97838e+04   -1.37019e+05   -7.81481e+04    3.00732e+02   -2.08782e+02
 Pressure (bar)   Constr. rmsd
    4.78533e+02    3.62877e-06

           Step           Time
          45300       90.60000

   Energies (kJ/mol)
           Bond          Angle Ryckaert-Bell.          LJ-14     Coulomb-14
    1.30708e+02    1.44600e+03    1.97070e+02    4.45965e+00    0.00000e+00
        LJ (SR)  Disper. corr.   Coulomb (SR)   Coul. recip.      Potential
    3.18539e+04   -1.47425e+03   -2.00080e+05    9.68816e+02   -1.66953e+05
    Kinetic En.   Total Energy  Conserved En.    Temperature Pres. DC (bar)
    2.97399e+04   -1.37213e+05   -7.81672e+04    3.00288e+02   -2.08488e+02
 Pressure (bar)   Constr. rmsd
    6.04792e+02    3.85945e-06

           Step           Time
          45400       90.80000

   Energies (kJ/mol)
           Bond          Angle Ryckaert-Bell.          LJ-14     Coulomb-14
    1.62088e+02    1.46422e+03    1.95172e+02    1.78146e+00    0.00000e+00
        LJ (SR)  Disper. corr.   Coulomb (SR)   Coul. recip.      Potential
    3.08220e+04   -1.46008e+03   -1.98972e+05    9.28775e+02   -1.66858e+05
    Kinetic En.   Total Energy  Conserved En.    Temperature Pres. DC (bar)
    2.97826e+04   -1.37075e+05   -7.81420e+04    3.00719e+02   -2.04504e+02
 Pressure (bar)   Constr. rmsd
   -2.56868e+01    3.76388e-06

           Step           Time
          45500       91.00000

   Energies (kJ/mol)
           Bond          Angle Ryckaert-Bell.          LJ-14     Coulomb-14
    1.79200e+02    1.56191e+03    2.09648e+02    1.07492e+00    0.00000e+00
        LJ (SR)  Disper. corr.   Coulomb (SR)   Coul. recip.      Potential
    3.03517e+04   -1.44699e+03   -1.98045e+05    9.60477e+02   -1.66228e+05
    Kinetic En.   Total Energy  Conserved En.    Temperature Pres. DC (bar)
    3.00244e+04   -1.36203e+05   -7.81106e+04    3.03161e+02   -2.00858e+02
 Pressure (bar)   Constr. rmsd
   -2.28053e+02    3.72752e-06

           Step           Time
          45600       91.20000

   Energies (kJ/mol)
           Bond          Angle Ryckaert-Bell.          LJ-14     Coulomb-14
    1.42862e+02    1.51688e+03    2.21515e+02    2.06072e+00    0.00000e+00
        LJ (SR)  Disper. corr.   Coulomb (SR)   Coul. recip.      Potential
    3.03592e+04   -1.43941e+03   -1.97799e+05    9.84493e+02   -1.66012e+05
    Kinetic En.   Total Energy  Conserved En.    Temperature Pres. DC (bar)
    2.96258e+04   -1.36386e+05   -7.81177e+04    2.99137e+02   -1.98763e+02
 Pressure (bar)   Constr. rmsd
   -3.56554e+02    4.25990e-06

           Step           Time
          45700       91.40000

   Energies (kJ/mol)
           Bond          Angle Ryckaert-Bell.          LJ-14     Coulomb-14
    2.36049e+02    1.58958e+03    2.10634e+02   -5.04053e-01    0.00000e+00
        LJ (SR)  Disper. corr.   Coulomb (SR)   Coul. recip.      Potential
    3.13319e+04   -1.44007e+03   -1.98894e+05    9.84043e+02   -1.65982e+05
    Kinetic En.   Total Energy  Conserved En.    Temperature Pres. DC (bar)
    2.93692e+04   -1.36613e+05   -7.81094e+04    2.96546e+02   -1.98945e+02
 Pressure (bar)   Constr. rmsd
   -8.63911e+01    3.58242e-06

           Step           Time
          45800       91.60000

   Energies (kJ/mol)
           Bond          Angle Ryckaert-Bell.          LJ-14     Coulomb-14
    1.22621e+02    1.50312e+03    1.86388e+02    2.29299e+00    0.00000e+00
        LJ (SR)  Disper. corr.   Coulomb (SR)   Coul. recip.      Potential
    3.07918e+04   -1.44444e+03   -1.98582e+05    1.02697e+03   -1.66393e+05
    Kinetic En.   Total Energy  Conserved En.    Temperature Pres. DC (bar)
    3.00866e+04   -1.36306e+05   -7.81265e+04    3.03790e+02   -2.00153e+02
 Pressure (bar)   Constr. rmsd
   -1.47844e+02    4.12533e-06

           Step           Time
          45900       91.80000

   Energies (kJ/mol)
           Bond          Angle Ryckaert-Bell.          LJ-14     Coulomb-14
    2.22957e+02    1.52460e+03    1.76457e+02    2.60298e+00    0.00000e+00
        LJ (SR)  Disper. corr.   Coulomb (SR)   Coul. recip.      Potential
    3.11361e+04   -1.45114e+03   -1.98540e+05    9.89311e+02   -1.65939e+05
    Kinetic En.   Total Energy  Conserved En.    Temperature Pres. DC (bar)
    3.00588e+04   -1.35880e+05   -7.81123e+04    3.03509e+02   -2.02012e+02
 Pressure (bar)   Constr. rmsd
    2.01840e+02    3.71834e-06

           Step           Time
          46000       92.00000

   Energies (kJ/mol)
           Bond          Angle Ryckaert-Bell.          LJ-14     Coulomb-14
    1.53383e+02    1.53679e+03    2.10013e+02   -3.41407e-01    0.00000e+00
        LJ (SR)  Disper. corr.   Coulomb (SR)   Coul. recip.      Potential
    3.09096e+04   -1.45535e+03   -1.98823e+05    9.57314e+02   -1.66511e+05
    Kinetic En.   Total Energy  Conserved En.    Temperature Pres. DC (bar)
    3.03192e+04   -1.36192e+05   -7.81055e+04    3.06138e+02   -2.03184e+02
 Pressure (bar)   Constr. rmsd
    6.40705e+01    3.76155e-06

           Step           Time
          46100       92.20000

   Energies (kJ/mol)
           Bond          Angle Ryckaert-Bell.          LJ-14     Coulomb-14
    1.93759e+02    1.51170e+03    1.79014e+02   -2.99645e+00    0.00000e+00
        LJ (SR)  Disper. corr.   Coulomb (SR)   Coul. recip.      Potential
    3.08829e+04   -1.45887e+03   -1.98760e+05    9.70805e+02   -1.66484e+05
    Kinetic En.   Total Energy  Conserved En.    Temperature Pres. DC (bar)
    3.00950e+04   -1.36389e+05   -7.81122e+04    3.03874e+02   -2.04166e+02
 Pressure (bar)   Constr. rmsd
    3.65443e+01    3.53148e-06

           Step           Time
          46200       92.40000

   Energies (kJ/mol)
           Bond          Angle Ryckaert-Bell.          LJ-14     Coulomb-14
    1.86053e+02    1.53009e+03    2.01159e+02    6.38792e+00    0.00000e+00
        LJ (SR)  Disper. corr.   Coulomb (SR)   Coul. recip.      Potential
    3.16256e+04   -1.45982e+03   -1.99485e+05    9.87514e+02   -1.66408e+05
    Kinetic En.   Total Energy  Conserved En.    Temperature Pres. DC (bar)
    2.97842e+04   -1.36624e+05   -7.81050e+04    3.00736e+02   -2.04432e+02
 Pressure (bar)   Constr. rmsd
    3.88150e+02    3.76703e-06

           Step           Time
          46300       92.60000

   Energies (kJ/mol)
           Bond          Angle Ryckaert-Bell.          LJ-14     Coulomb-14
    1.46449e+02    1.52841e+03    1.73530e+02    5.08801e+00    0.00000e+00
        LJ (SR)  Disper. corr.   Coulomb (SR)   Coul. recip.      Potential
    3.13076e+04   -1.45106e+03   -1.99342e+05    1.01467e+03   -1.66617e+05
    Kinetic En.   Total Energy  Conserved En.    Temperature Pres. DC (bar)
    2.96704e+04   -1.36947e+05   -7.81005e+04    2.99587e+02   -2.01990e+02
 Pressure (bar)   Constr. rmsd
    1.48737e+02    3.66613e-06

           Step           Time
          46400       92.80000

   Energies (kJ/mol)
           Bond          Angle Ryckaert-Bell.          LJ-14     Coulomb-14
    1.83061e+02    1.57001e+03    1.90812e+02    8.76180e-01    0.00000e+00
        LJ (SR)  Disper. corr.   Coulomb (SR)   Coul. recip.      Potential
    3.03728e+04   -1.43933e+03   -1.98452e+05    9.90594e+02   -1.66583e+05
    Kinetic En.   Total Energy  Conserved En.    Temperature Pres. DC (bar)
    2.96014e+04   -1.36982e+05   -7.80779e+04    2.98890e+02   -1.98740e+02
 Pressure (bar)   Constr. rmsd
   -4.63713e+02    3.96886e-06

           Step           Time
          46500       93.00000

   Energies (kJ/mol)
           Bond          Angle Ryckaert-Bell.          LJ-14     Coulomb-14
    1.38485e+02    1.52317e+03    1.78478e+02   -5.49712e+00    0.00000e+00
        LJ (SR)  Disper. corr.   Coulomb (SR)   Coul. recip.      Potential
    3.00440e+04   -1.43757e+03   -1.97864e+05    1.04942e+03   -1.66374e+05
    Kinetic En.   Total Energy  Conserved En.    Temperature Pres. DC (bar)
    2.93613e+04   -1.37012e+05   -7.80874e+04    2.96466e+02   -1.98255e+02
 Pressure (bar)   Constr. rmsd
   -5.99729e+02    4.03784e-06

           Step           Time
          46600       93.20000

   Energies (kJ/mol)
           Bond          Angle Ryckaert-Bell.          LJ-14     Coulomb-14
    1.51213e+02    1.50059e+03    2.11797e+02    3.62717e+00    0.00000e+00
        LJ (SR)  Disper. corr.   Coulomb (SR)   Coul. recip.      Potential
    3.16851e+04   -1.44918e+03   -2.00492e+05    9.87529e+02   -1.67402e+05
    Kinetic En.   Total Energy  Conserved En.    Temperature Pres. DC (bar)
    2.96262e+04   -1.37776e+05   -7.80873e+04    2.99140e+02   -2.01466e+02
 Pressure (bar)   Constr. rmsd
    2.26277e+01    3.62209e-06

           Step           Time
          46700       93.40000

   Energies (kJ/mol)
           Bond          Angle Ryckaert-Bell.          LJ-14     Coulomb-14
    1.62989e+02    1.53708e+03    2.05315e+02    8.76456e+00    0.00000e+00
        LJ (SR)  Disper. corr.   Coulomb (SR)   Coul. recip.      Potential
    3.10429e+04   -1.46185e+03   -1.99595e+05    9.71742e+02   -1.67128e+05
    Kinetic En.   Total Energy  Conserved En.    Temperature Pres. DC (bar)
    2.94677e+04   -1.37661e+05   -7.80602e+04    2.97540e+02   -2.05001e+02
 Pressure (bar)   Constr. rmsd
    6.56946e+01    3.27413e-06

           Step           Time
          46800       93.60000

   Energies (kJ/mol)
           Bond          Angle Ryckaert-Bell.          LJ-14     Coulomb-14
    1.31408e+02    1.51605e+03    2.02992e+02    6.42200e+00    0.00000e+00
        LJ (SR)  Disper. corr.   Coulomb (SR)   Coul. recip.      Potential
    3.21184e+04   -1.46921e+03   -2.00365e+05    9.85201e+02   -1.66873e+05
    Kinetic En.   Total Energy  Conserved En.    Temperature Pres. DC (bar)
    2.95673e+04   -1.37306e+05   -7.80586e+04    2.98546e+02   -2.07069e+02
 Pressure (bar)   Constr. rmsd
    7.95657e+02    3.80570e-06

           Step           Time
          46900       93.80000

   Energies (kJ/mol)
           Bond          Angle Ryckaert-Bell.          LJ-14     Coulomb-14
    1.74572e+02    1.54614e+03    1.85800e+02   -3.23627e+00    0.00000e+00
        LJ (SR)  Disper. corr.   Coulomb (SR)   Coul. recip.      Potential
    3.16358e+04   -1.46123e+03   -2.00271e+05    9.41634e+02   -1.67252e+05
    Kinetic En.   Total Energy  Conserved En.    Temperature Pres. DC (bar)
    2.92041e+04   -1.38048e+05   -7.80502e+04    2.94879e+02   -2.04827e+02
 Pressure (bar)   Constr. rmsd
    2.10881e+02    3.55996e-06

           Step           Time
          47000       94.00000

   Energies (kJ/mol)
           Bond          Angle Ryckaert-Bell.          LJ-14     Coulomb-14
    1.54442e+02    1.44216e+03    2.11383e+02   -2.02542e+00    0.00000e+00
        LJ (SR)  Disper. corr.   Coulomb (SR)   Coul. recip.      Potential
    3.10762e+04   -1.45084e+03   -1.99157e+05    1.02490e+03   -1.66701e+05
    Kinetic En.   Total Energy  Conserved En.    Temperature Pres. DC (bar)
    2.91276e+04   -1.37573e+05   -7.80597e+04    2.94106e+02   -2.01927e+02
 Pressure (bar)   Constr. rmsd
   -8.04327e+01    3.53202e-06

           Step           Time
          47100       94.20000

   Energies (kJ/mol)
           Bond          Angle Ryckaert-Bell.          LJ-14     Coulomb-14
    2.00243e+02    1.52774e+03    2.02774e+02    1.36774e+01    0.00000e+00
        LJ (SR)  Disper. corr.   Coulomb (SR)   Coul. recip.      Potential
    3.07298e+04   -1.44372e+03   -1.98616e+05    1.02370e+03   -1.66362e+05
    Kinetic En.   Total Energy  Conserved En.    Temperature Pres. DC (bar)
    2.95755e+04   -1.36786e+05   -7.80370e+04    2.98629e+02   -1.99954e+02
 Pressure (bar)   Constr. rmsd
   -1.31402e+02    3.72085e-06

           Step           Time
          47200       94.40000

   Energies (kJ/mol)
           Bond          Angle Ryckaert-Bell.          LJ-14     Coulomb-14
    1.49929e+02    1.52573e+03    2.17306e+02    9.61839e+00    0.00000e+00
        LJ (SR)  Disper. corr.   Coulomb (SR)   Coul. recip.      Potential
    3.10708e+04   -1.44063e+03   -1.98227e+05    9.72761e+02   -1.65721e+05
    Kinetic En.   Total Energy  Conserved En.    Temperature Pres. DC (bar)
    2.98666e+04   -1.35854e+05   -7.80545e+04    3.01568e+02   -1.99099e+02
 Pressure (bar)   Constr. rmsd
    5.96570e+01    4.11558e-06

           Step           Time
          47300       94.60000

   Energies (kJ/mol)
           Bond          Angle Ryckaert-Bell.          LJ-14     Coulomb-14
    1.92631e+02    1.48197e+03    2.02451e+02   -2.37602e+00    0.00000e+00
        LJ (SR)  Disper. corr.   Coulomb (SR)   Coul. recip.      Potential
    3.07478e+04   -1.43826e+03   -1.98740e+05    9.77679e+02   -1.66578e+05
    Kinetic En.   Total Energy  Conserved En.    Temperature Pres. DC (bar)
    2.99267e+04   -1.36651e+05   -7.80463e+04    3.02175e+02   -1.98446e+02
 Pressure (bar)   Constr. rmsd
   -2.91498e+02    3.70479e-06

           Step           Time
          47400       94.80000

   Energies (kJ/mol)
           Bond          Angle Ryckaert-Bell.          LJ-14     Coulomb-14
    1.87203e+02    1.50969e+03    1.79234e+02   -4.40462e+00    0.00000e+00
        LJ (SR)  Disper. corr.   Coulomb (SR)   Coul. recip.      Potential
    3.12365e+04   -1.44016e+03   -1.99229e+05    9.96253e+02   -1.66565e+05
    Kinetic En.   Total Energy  Conserved En.    Temperature Pres. DC (bar)
    2.96709e+04   -1.36894e+05   -7.80414e+04    2.99592e+02   -1.98971e+02
 Pressure (bar)   Constr. rmsd
   -6.49614e+01    3.50661e-06

           Step           Time
          47500       95.00000

   Energies (kJ/mol)
           Bond          Angle Ryckaert-Bell.          LJ-14     Coulomb-14
    1.68317e+02    1.45034e+03    1.77517e+02   -8.46208e-01    0.00000e+00
        LJ (SR)  Disper. corr.   Coulomb (SR)   Coul. recip.      Potential
    3.04524e+04   -1.44477e+03   -1.98209e+05    9.94630e+02   -1.66412e+05
    Kinetic En.   Total Energy  Conserved En.    Temperature Pres. DC (bar)
    2.94538e+04   -1.36958e+05   -7.80463e+04    2.97400e+02   -2.00243e+02
 Pressure (bar)   Constr. rmsd
   -2.84318e+02    4.22086e-06

           Step           Time
          47600       95.20000

   Energies (kJ/mol)
           Bond          Angle Ryckaert-Bell.          LJ-14     Coulomb-14
    1.96046e+02    1.48503e+03    1.81233e+02    3.83366e+00    0.00000e+00
        LJ (SR)  Disper. corr.   Coulomb (SR)   Coul. recip.      Potential
    3.14485e+04   -1.45624e+03   -1.99253e+05    9.39914e+02   -1.66455e+05
    Kinetic En.   Total Energy  Conserved En.    Temperature Pres. DC (bar)
    2.99192e+04   -1.36536e+05   -7.80375e+04    3.02099e+02   -2.03433e+02
 Pressure (bar)   Constr. rmsd
    2.51673e+02    4.03748e-06

           Step           Time
          47700       95.40000

   Energies (kJ/mol)
           Bond          Angle Ryckaert-Bell.          LJ-14     Coulomb-14
    1.61477e+02    1.52245e+03    2.35682e+02    9.90223e+00    0.00000e+00
        LJ (SR)  Disper. corr.   Coulomb (SR)   Coul. recip.      Potential
    3.17657e+04   -1.46586e+03   -1.99652e+05    9.66963e+02   -1.66456e+05
    Kinetic En.   Total Energy  Conserved En.    Temperature Pres. DC (bar)
    3.01738e+04   -1.36282e+05   -7.80240e+04    3.04670e+02   -2.06125e+02
 Pressure (bar)   Constr. rmsd
    4.91528e+02    3.51138e-06

           Step           Time
          47800       95.60000

   Energies (kJ/mol)
           Bond          Angle Ryckaert-Bell.          LJ-14     Coulomb-14
    1.91496e+02    1.49615e+03    1.95363e+02   -1.40481e+00    0.00000e+00
        LJ (SR)  Disper. corr.   Coulomb (SR)   Coul. recip.      Potential
    3.14742e+04   -1.46429e+03   -1.99478e+05    1.00126e+03   -1.66586e+05
    Kinetic En.   Total Energy  Conserved En.    Temperature Pres. DC (bar)
    2.97373e+04   -1.36848e+05   -7.80301e+04    3.00262e+02   -2.05684e+02
 Pressure (bar)   Constr. rmsd
    3.32762e+02    4.30732e-06

           Step           Time
          47900       95.80000

   Energies (kJ/mol)
           Bond          Angle Ryckaert-Bell.          LJ-14     Coulomb-14
    1.80063e+02    1.53270e+03    2.07025e+02   -1.98644e-01    0.00000e+00
        LJ (SR)  Disper. corr.   Coulomb (SR)   Coul. recip.      Potential
    3.12727e+04   -1.45304e+03   -1.99042e+05    9.98975e+02   -1.66304e+05
    Kinetic En.   Total Energy  Conserved En.    Temperature Pres. DC (bar)
    2.95558e+04   -1.36748e+05   -7.80228e+04    2.98430e+02   -2.02540e+02
 Pressure (bar)   Constr. rmsd
    2.05337e+02    3.95870e-06

           Step           Time
          48000       96.00000

   Energies (kJ/mol)
           Bond          Angle Ryckaert-Bell.          LJ-14     Coulomb-14
    2.23571e+02    1.59337e+03    1.75427e+02    5.91270e+00    0.00000e+00
        LJ (SR)  Disper. corr.   Coulomb (SR)   Coul. recip.      Potential
    3.01090e+04   -1.43901e+03   -1.97265e+05    1.04055e+03   -1.65556e+05
    Kinetic En.   Total Energy  Conserved En.    Temperature Pres. DC (bar)
    2.97242e+04   -1.35832e+05   -7.79874e+04    3.00131e+02   -1.98654e+02
 Pressure (bar)   Constr. rmsd
   -2.51967e+02    4.13832e-06

           Step           Time
          48100       96.20000

   Energies (kJ/mol)
           Bond          Angle Ryckaert-Bell.          LJ-14     Coulomb-14
    1.57290e+02    1.55008e+03    1.67806e+02    5.30552e+00    0.00000e+00
        LJ (SR)  Disper. corr.   Coulomb (SR)   Coul. recip.      Potential
    3.00602e+04   -1.43282e+03   -1.97368e+05    9.71238e+02   -1.65889e+05
    Kinetic En.   Total Energy  Conserved En.    Temperature Pres. DC (bar)
    2.99900e+04   -1.35899e+05   -7.80082e+04    3.02814e+02   -1.96949e+02
 Pressure (bar)   Constr. rmsd
   -5.14799e+02    4.44705e-06

           Step           Time
          48200       96.40000

   Energies (kJ/mol)
           Bond          Angle Ryckaert-Bell.          LJ-14     Coulomb-14
    2.23990e+02    1.51506e+03    1.99674e+02    1.90109e-01    0.00000e+00
        LJ (SR)  Disper. corr.   Coulomb (SR)   Coul. recip.      Potential
    3.10667e+04   -1.43809e+03   -1.98557e+05    9.57286e+02   -1.66032e+05
    Kinetic En.   Total Energy  Conserved En.    Temperature Pres. DC (bar)
    3.01696e+04   -1.35862e+05   -7.79998e+04    3.04627e+02   -1.98399e+02
 Pressure (bar)   Constr. rmsd
   -8.35833e+01    3.79277e-06

           Step           Time
          48300       96.60000

   Energies (kJ/mol)
           Bond          Angle Ryckaert-Bell.          LJ-14     Coulomb-14
    1.60951e+02    1.43895e+03    1.58189e+02   -4.73472e+00    0.00000e+00
        LJ (SR)  Disper. corr.   Coulomb (SR)   Coul. recip.      Potential
    3.12725e+04   -1.44460e+03   -1.99802e+05    9.69184e+02   -1.67252e+05
    Kinetic En.   Total Energy  Conserved En.    Temperature Pres. DC (bar)
    2.96451e+04   -1.37607e+05   -7.80021e+04    2.99332e+02   -2.00197e+02
 Pressure (bar)   Constr. rmsd
   -9.92017e+00    3.65939e-06

           Step           Time
          48400       96.80000

   Energies (kJ/mol)
           Bond          Angle Ryckaert-Bell.          LJ-14     Coulomb-14
    1.62910e+02    1.48036e+03    1.68713e+02    3.47121e+00    0.00000e+00
        LJ (SR)  Disper. corr.   Coulomb (SR)   Coul. recip.      Potential
    3.11790e+04   -1.44946e+03   -1.99700e+05    9.63045e+02   -1.67192e+05
    Kinetic En.   Total Energy  Conserved En.    Temperature Pres. DC (bar)
    2.90840e+04   -1.38108e+05   -7.79942e+04    2.93666e+02   -2.01546e+02
 Pressure (bar)   Constr. rmsd
    2.54282e+01    3.67684e-06

           Step           Time
          48500       97.00000

   Energies (kJ/mol)
           Bond          Angle Ryckaert-Bell.          LJ-14     Coulomb-14
    1.87194e+02    1.49830e+03    2.01673e+02    6.27724e+00    0.00000e+00
        LJ (SR)  Disper. corr.   Coulomb (SR)   Coul. recip.      Potential
    3.12335e+04   -1.45331e+03   -1.99916e+05    9.66191e+02   -1.67276e+05
    Kinetic En.   Total Energy  Conserved En.    Temperature Pres. DC (bar)
    2.97774e+04   -1.37499e+05   -7.79941e+04    3.00667e+02   -2.02617e+02
 Pressure (bar)   Constr. rmsd
    3.31676e+00    4.23293e-06

           Step           Time
          48600       97.20000

   Energies (kJ/mol)
           Bond          Angle Ryckaert-Bell.          LJ-14     Coulomb-14
    1.46566e+02    1.49604e+03    2.61047e+02    5.10607e+00    0.00000e+00
        LJ (SR)  Disper. corr.   Coulomb (SR)   Coul. recip.      Potential
    3.11512e+04   -1.45438e+03   -1.99494e+05    9.49871e+02   -1.66938e+05
    Kinetic En.   Total Energy  Conserved En.    Temperature Pres. DC (bar)
    2.92576e+04   -1.37681e+05   -7.79853e+04    2.95419e+02   -2.02914e+02
 Pressure (bar)   Constr. rmsd
   -9.84076e+01    3.85639e-06

           Step           Time
          48700       97.40000

   Energies (kJ/mol)
           Bond          Angle Ryckaert-Bell.          LJ-14     Coulomb-14
    1.67447e+02    1.56570e+03    2.06121e+02   -7.66718e-01    0.00000e+00
        LJ (SR)  Disper. corr.   Coulomb (SR)   Coul. recip.      Potential
    3.14189e+04   -1.45335e+03   -1.99119e+05    9.77035e+02   -1.66237e+05
    Kinetic En.   Total Energy  Conserved En.    Temperature Pres. DC (bar)
    2.92465e+04   -1.36991e+05   -7.79792e+04    2.95307e+02   -2.02628e+02
 Pressure (bar)   Constr. rmsd
    1.84912e+02    3.46774e-06

           Step           Time
          48800       97.60000

   Energies (kJ/mol)
           Bond          Angle Ryckaert-Bell.          LJ-14     Coulomb-14
    1.49817e+02    1.63238e+03    2.40019e+02    1.23683e+01    0.00000e+00
        LJ (SR)  Disper. corr.   Coulomb (SR)   Coul. recip.      Potential
    3.11305e+04   -1.44884e+03   -1.98498e+05    9.64692e+02   -1.65817e+05
    Kinetic En.   Total Energy  Conserved En.    Temperature Pres. DC (bar)
    2.91441e+04   -1.36673e+05   -7.79715e+04    2.94272e+02   -2.01372e+02
 Pressure (bar)   Constr. rmsd
    2.33372e+02    3.48209e-06

           Step           Time
          48900       97.80000

   Energies (kJ/mol)
           Bond          Angle Ryckaert-Bell.          LJ-14     Coulomb-14
    1.91065e+02    1.56313e+03    2.05017e+02    1.18207e+01    0.00000e+00
        LJ (SR)  Disper. corr.   Coulomb (SR)   Coul. recip.      Potential
    3.04119e+04   -1.44203e+03   -1.98049e+05    1.01024e+03   -1.66098e+05
    Kinetic En.   Total Energy  Conserved En.    Temperature Pres. DC (bar)
    2.96736e+04   -1.36424e+05   -7.79862e+04    2.99620e+02   -1.99487e+02
 Pressure (bar)   Constr. rmsd
   -1.73001e+02    3.91164e-06

           Step           Time
          49000       98.00000

   Energies (kJ/mol)
           Bond          Angle Ryckaert-Bell.          LJ-14     Coulomb-14
    1.48836e+02    1.59665e+03    1.90741e+02   -2.43674e-01    0.00000e+00
        LJ (SR)  Disper. corr.   Coulomb (SR)   Coul. recip.      Potential
    3.10452e+04   -1.43971e+03   -1.98374e+05    9.68278e+02   -1.65864e+05
    Kinetic En.   Total Energy  Conserved En.    Temperature Pres. DC (bar)
    2.91116e+04   -1.36752e+05   -7.79765e+04    2.93944e+02   -1.98847e+02
 Pressure (bar)   Constr. rmsd
   -8.19659e+01    3.58436e-06

           Step           Time
          49100       98.20000

   Energies (kJ/mol)
           Bond          Angle Ryckaert-Bell.          LJ-14     Coulomb-14
    1.98251e+02    1.59214e+03    2.15727e+02    2.76935e+00    0.00000e+00
        LJ (SR)  Disper. corr.   Coulomb (SR)   Coul. recip.      Potential
    3.08452e+04   -1.44314e+03   -1.98944e+05    9.62699e+02   -1.66570e+05
    Kinetic En.   Total Energy  Conserved En.    Temperature Pres. DC (bar)
    2.96049e+04   -1.36965e+05   -7.79807e+04    2.98925e+02   -1.99794e+02
 Pressure (bar)   Constr. rmsd
   -3.74015e+02    4.01011e-06

           Step           Time
          49200       98.40000

   Energies (kJ/mol)
           Bond          Angle Ryckaert-Bell.          LJ-14     Coulomb-14
    1.71329e+02    1.61414e+03    1.87304e+02    6.40534e+00    0.00000e+00
        LJ (SR)  Disper. corr.   Coulomb (SR)   Coul. recip.      Potential
    3.15836e+04   -1.45432e+03   -2.00024e+05    9.91141e+02   -1.66924e+05
    Kinetic En.   Total Energy  Conserved En.    Temperature Pres. DC (bar)
    2.98242e+04   -1.37100e+05   -7.79606e+04    3.01140e+02   -2.02896e+02
 Pressure (bar)   Constr. rmsd
    2.33579e+02    3.74586e-06

           Step           Time
          49300       98.60000

   Energies (kJ/mol)
           Bond          Angle Ryckaert-Bell.          LJ-14     Coulomb-14
    1.71748e+02    1.58246e+03    1.92092e+02    1.16907e+01    0.00000e+00
        LJ (SR)  Disper. corr.   Coulomb (SR)   Coul. recip.      Potential
    3.15220e+04   -1.46086e+03   -1.99839e+05    9.85405e+02   -1.66834e+05
    Kinetic En.   Total Energy  Conserved En.    Temperature Pres. DC (bar)
    3.01871e+04   -1.36647e+05   -7.79618e+04    3.04804e+02   -2.04722e+02
 Pressure (bar)   Constr. rmsd
    3.99551e+02    3.94172e-06

           Step           Time
          49400       98.80000

   Energies (kJ/mol)
           Bond          Angle Ryckaert-Bell.          LJ-14     Coulomb-14
    2.10596e+02    1.57255e+03    2.07108e+02    4.66446e+00    0.00000e+00
        LJ (SR)  Disper. corr.   Coulomb (SR)   Coul. recip.      Potential
    3.09834e+04   -1.45923e+03   -1.98913e+05    9.56991e+02   -1.66437e+05
    Kinetic En.   Total Energy  Conserved En.    Temperature Pres. DC (bar)
    2.98242e+04   -1.36613e+05   -7.79581e+04    3.01140e+02   -2.04266e+02
 Pressure (bar)   Constr. rmsd
    4.78041e+01    4.38682e-06

           Step           Time
          49500       99.00000

   Energies (kJ/mol)
           Bond          Angle Ryckaert-Bell.          LJ-14     Coulomb-14
    1.54370e+02    1.55695e+03    1.88862e+02    1.19944e+00    0.00000e+00
        LJ (SR)  Disper. corr.   Coulomb (SR)   Coul. recip.      Potential
    3.09122e+04   -1.45237e+03   -1.99620e+05    9.20702e+02   -1.67338e+05
    Kinetic En.   Total Energy  Conserved En.    Temperature Pres. DC (bar)
    2.95646e+04   -1.37773e+05   -7.79693e+04    2.98519e+02   -2.02353e+02
 Pressure (bar)   Constr. rmsd
   -2.07482e+02    3.75859e-06

           Step           Time
          49600       99.20000

   Energies (kJ/mol)
           Bond          Angle Ryckaert-Bell.          LJ-14     Coulomb-14
    2.03435e+02    1.57411e+03    1.72271e+02    6.30609e-02    0.00000e+00
        LJ (SR)  Disper. corr.   Coulomb (SR)   Coul. recip.      Potential
    3.08343e+04   -1.44694e+03   -1.98929e+05    9.95690e+02   -1.66597e+05
    Kinetic En.   Total Energy  Conserved En.    Temperature Pres. DC (bar)
    2.96523e+04   -1.36944e+05   -7.79574e+04    2.99404e+02   -2.00844e+02
 Pressure (bar)   Constr. rmsd
   -1.48956e+02    3.79381e-06

           Step           Time
          49700       99.40000

   Energies (kJ/mol)
           Bond          Angle Ryckaert-Bell.          LJ-14     Coulomb-14
    1.57380e+02    1.54575e+03    1.79563e+02    2.35388e+00    0.00000e+00
        LJ (SR)  Disper. corr.   Coulomb (SR)   Coul. recip.      Potential
    3.02458e+04   -1.44598e+03   -1.97880e+05    9.61396e+02   -1.66234e+05
    Kinetic En.   Total Energy  Conserved En.    Temperature Pres. DC (bar)
    2.92291e+04   -1.37005e+05   -7.79667e+04    2.95131e+02   -2.00578e+02
 Pressure (bar)   Constr. rmsd
   -3.22963e+02    3.84974e-06

           Step           Time
          49800       99.60000

   Energies (kJ/mol)
           Bond          Angle Ryckaert-Bell.          LJ-14     Coulomb-14
    1.75961e+02    1.59779e+03    1.97386e+02    8.30601e+00    0.00000e+00
        LJ (SR)  Disper. corr.   Coulomb (SR)   Coul. recip.      Potential
    3.10152e+04   -1.45109e+03   -1.98900e+05    9.72348e+02   -1.66384e+05
    Kinetic En.   Total Energy  Conserved En.    Temperature Pres. DC (bar)
    2.97944e+04   -1.36590e+05   -7.79586e+04    3.00839e+02   -2.01998e+02
 Pressure (bar)   Constr. rmsd
    1.14199e+02    3.56299e-06

           Step           Time
          49900       99.80000

   Energies (kJ/mol)
           Bond          Angle Ryckaert-Bell.          LJ-14     Coulomb-14
    1.79673e+02    1.53490e+03    1.82747e+02    6.55708e+00    0.00000e+00
        LJ (SR)  Disper. corr.   Coulomb (SR)   Coul. recip.      Potential
    3.12741e+04   -1.45743e+03   -1.99500e+05    9.41419e+02   -1.66838e+05
    Kinetic En.   Total Energy  Conserved En.    Temperature Pres. DC (bar)
    2.99047e+04   -1.36933e+05   -7.79706e+04    3.01953e+02   -2.03763e+02
 Pressure (bar)   Constr. rmsd
    1.24483e+02    3.94480e-06

           Step           Time
          50000      100.00000

Writing checkpoint, step 50000 at Mon Dec 16 21:31:14 2024


   Energies (kJ/mol)
           Bond          Angle Ryckaert-Bell.          LJ-14     Coulomb-14
    1.69980e+02    1.53335e+03    2.02337e+02    4.13673e+00    0.00000e+00
        LJ (SR)  Disper. corr.   Coulomb (SR)   Coul. recip.      Potential
    3.05474e+04   -1.46240e+03   -1.98512e+05    1.00230e+03   -1.66515e+05
    Kinetic En.   Total Energy  Conserved En.    Temperature Pres. DC (bar)
    2.99593e+04   -1.36556e+05   -7.79551e+04    3.02504e+02   -2.05156e+02
 Pressure (bar)   Constr. rmsd
   -1.23176e+02    4.39350e-06


Energy conservation over simulation part #1 of length 100 ps, time 0 to 100 ps
  Conserved energy drift: 2.77e-03 kJ/mol/ps per atom


	<======  ###############  ==>
	<====  A V E R A G E S  ====>
	<==  ###############  ======>

	Statistics over 50001 steps using 501 frames

   Energies (kJ/mol)
           Bond          Angle Ryckaert-Bell.          LJ-14     Coulomb-14
    1.42393e+02    1.41441e+03    1.94729e+02    9.77398e-01    0.00000e+00
        LJ (SR)  Disper. corr.   Coulomb (SR)   Coul. recip.      Potential
    3.06819e+04   -1.45539e+03   -1.98161e+05    9.88174e+02   -1.66194e+05
    Kinetic En.   Total Energy  Conserved En.    Temperature Pres. DC (bar)
    2.98200e+04   -1.36374e+05   -7.89361e+04    3.01097e+02   -2.03221e+02
 Pressure (bar)   Constr. rmsd
    3.57069e+00    0.00000e+00

          Box-X          Box-Y          Box-Z
    4.91993e+00    4.91993e+00    4.91993e+00

   Total Virial (kJ/mol)
    9.97007e+03    4.13794e+01   -4.44332e+01
    4.13616e+01    9.99643e+03    5.45564e+01
   -4.44734e+01    5.45574e+01    9.83949e+03

   Pressure (bar)
   -1.56796e+00   -1.39471e+01    1.32940e+01
   -1.39421e+01   -1.59625e+01   -1.80664e+01
    1.33052e+01   -1.80667e+01    2.82426e+01


	M E G A - F L O P S   A C C O U N T I N G

 NB=Group-cutoff nonbonded kernels    NxN=N-by-N cluster Verlet kernels
 RF=Reaction-Field  VdW=Van der Waals  QSTab=quadratic-spline table
 W3=SPC/TIP3p  W4=TIP4p (single or pairs)
 V&F=Potential and force  V=Potential only  F=Force only

 Computing:                               M-Number         M-Flops  % Flops
-----------------------------------------------------------------------------
 Pair Search distance check            3727.420694       33546.786     0.3
 NxN QSTab Elec. + LJ [F]            148640.269400     6094251.045    48.3
 NxN QSTab Elec. + LJ [V&F]            1504.257504       88751.193     0.7
 NxN LJ [F]                            9668.656032      319065.649     2.5
 NxN LJ [V&F]                            98.021872        4214.940     0.0
 NxN QSTab Elec. [F]                 131357.697352     4466161.710    35.4
 NxN QSTab Elec. [V&F]                 1329.483488       54508.823     0.4
 1,4 nonbonded interactions              56.251125        5062.601     0.0
 Calc Weights                          1768.235364       63656.473     0.5
 Spread Q Bspline                     37722.354432       75444.709     0.6
 Gather F Bspline                     37722.354432      226334.127     1.8
 3D-FFT                              119854.197036      958833.576     7.6
 Solve PME                             1940.438808      124188.084     1.0
 Reset In Box                            11.799788          35.399     0.0
 CG-CoM                                  11.811576          35.435     0.0
 Bonds                                    6.250125         368.757     0.0
 Angles                                  75.001500       12600.252     0.1
 RB-Dihedrals                            56.251125       13894.028     0.1
 Virial                                  11.844833         213.207     0.0
 Stop-CM                                  5.917576          59.176     0.0
 Calc-Ekin                              117.903576        3183.397     0.0
 Lincs                                   37.502250        2250.135     0.0
 Lincs-Mat                              450.027000        1800.108     0.0
 Constraint-V                           614.424576        5529.821     0.0
 Constraint-Vir                          11.549538         277.189     0.0
 Settle                                 179.810788       66529.992     0.5
-----------------------------------------------------------------------------
 Total                                                12620796.612   100.0
-----------------------------------------------------------------------------


    D O M A I N   D E C O M P O S I T I O N   S T A T I S T I C S

 av. #atoms communicated per step for force:  2 x 0.0
 av. #atoms communicated per step for LINCS:  2 x 0.0


      R E A L   C Y C L E   A N D   T I M E   A C C O U N T I N G

On 1 MPI rank, each using 16 OpenMP threads

 Activity:              Num   Num      Call    Wall time         Giga-Cycles
                        Ranks Threads  Count      (s)         total sum    %
--------------------------------------------------------------------------------
 Domain decomp.            1   16       1001      35.516       1701.577   0.9
 Neighbor search           1   16       1001      15.053        721.203   0.4
 Force                     1   16      50001    1044.867      50059.608  26.1
 PME mesh                  1   16      50001    1625.181      77862.507  40.6
 NB X/F buffer ops.        1   16      99001     562.925      26969.741  14.1
 Write traj.               1   16         55       0.525         25.131   0.0
 Update                    1   16      50001     332.016      15906.901   8.3
 Constraints               1   16      50003     336.282      16111.300   8.4
 Rest                                             49.050       2349.984   1.2
--------------------------------------------------------------------------------
 Total                                          4001.415     191707.952 100.0
--------------------------------------------------------------------------------
 Breakdown of PME mesh activities
--------------------------------------------------------------------------------
 PME spread                1   16      50001     532.360      25505.407  13.3
 PME gather                1   16      50001     620.764      29740.836  15.5
 PME 3D-FFT                1   16     100002     387.271      18554.188   9.7
 PME solve Elec            1   16      50001       1.108         53.080   0.0
--------------------------------------------------------------------------------

               Core t (s)   Wall t (s)        (%)
       Time:    64022.503     4001.415     1600.0
                         1h06:41
                 (ns/day)    (hour/ns)
Performance:        2.159       11.115
Finished mdrun on rank 0 Mon Dec 16 21:31:14 2024

